"FIELD","PARENTID","PERMISSIONSEDIT","PERMISSIONSREAD","SOBJECTTYPE","ERROR"
"Country_vod__c.Alpha_2_Code_vod__c","0PS3E0000000FeyWAE","TRUE","TRUE","Country_vod__c","invalid cross reference id"
"Country_vod__c.Country_Name_vod__c","0PS3E0000000FeyWAE","TRUE","TRUE","Country_vod__c","invalid cross reference id"
"EM_Attendee_vod__c.Address_Line_1_vod__c","0PS3E0000000FeyWAE","TRUE","TRUE","EM_Attendee_vod__c","invalid cross reference id"
"EM_Attendee_vod__c.Address_Line_2_vod__c","0PS3E0000000FeyWAE","TRUE","TRUE","EM_Attendee_vod__c","invalid cross reference id"
"EM_Attendee_vod__c.City_vod__c","0PS3E0000000FeyWAE","TRUE","TRUE","EM_Attendee_vod__c","invalid cross reference id"
"EM_Attendee_vod__c.Credentials_vod__c","0PS3E0000000FeyWAE","TRUE","TRUE","EM_Attendee_vod__c","invalid cross reference id"
"EM_Attendee_vod__c.Email_vod__c","0PS3E0000000FeyWAE","TRUE","TRUE","EM_Attendee_vod__c","invalid cross reference id"
"EM_Attendee_vod__c.First_Name_vod__c","0PS3E0000000FeyWAE","TRUE","TRUE","EM_Attendee_vod__c","invalid cross reference id"
"EM_Attendee_vod__c.Last_Name_vod__c","0PS3E0000000FeyWAE","TRUE","TRUE","EM_Attendee_vod__c","invalid cross reference id"
"EM_Attendee_vod__c.Organization__c","0PS3E0000000FeyWAE","TRUE","TRUE","EM_Attendee_vod__c","invalid cross reference id"
"EM_Attendee_vod__c.Phone_vod__c","0PS3E0000000FeyWAE","TRUE","TRUE","EM_Attendee_vod__c","invalid cross reference id"
"EM_Attendee_vod__c.Prescriber_vod__c","0PS3E0000000FeyWAE","TRUE","TRUE","EM_Attendee_vod__c","invalid cross reference id"
"EM_Attendee_vod__c.Title_vod__c","0PS3E0000000FeyWAE","TRUE","TRUE","EM_Attendee_vod__c","invalid cross reference id"
"EM_Attendee_vod__c.Walk_In_Reference_ID_vod__c","0PS3E0000000FeyWAE","TRUE","TRUE","EM_Attendee_vod__c","invalid cross reference id"
"EM_Attendee_vod__c.Walk_In_Status_vod__c","0PS3E0000000FeyWAE","TRUE","TRUE","EM_Attendee_vod__c","invalid cross reference id"
"EM_Attendee_vod__c.Zip_vod__c","0PS3E0000000FeyWAE","TRUE","TRUE","EM_Attendee_vod__c","invalid cross reference id"
"EM_Attendee_vod__c.Contract_Party_HCPTS__c","0PS3E0000000FeyWAE","TRUE","TRUE","EM_Attendee_vod__c","invalid cross reference id"
"EM_Attendee_vod__c.Audience_Type_HCPTS__c","0PS3E0000000FeyWAE","TRUE","TRUE","EM_Attendee_vod__c","invalid cross reference id"
"EM_Attendee_vod__c.Service_Type_HCPTS__c","0PS3E0000000FeyWAE","TRUE","TRUE","EM_Attendee_vod__c","invalid cross reference id"
"EM_Attendee_vod__c.Contract_Type_HCPTS__c","0PS3E0000000FeyWAE","TRUE","TRUE","EM_Attendee_vod__c","invalid cross reference id"
"EM_Attendee_vod__c.Contract_Subtype_HCPTS__c","0PS3E0000000FeyWAE","TRUE","TRUE","EM_Attendee_vod__c","invalid cross reference id"
"EM_Attendee_vod__c.Contract_Party_Name_HCPTS__c","0PS3E0000000FeyWAE","TRUE","TRUE","EM_Attendee_vod__c","invalid cross reference id"
"EM_Attendee_vod__c.Tax_Id_HCPTS__c","0PS3E0000000FeyWAE","TRUE","TRUE","EM_Attendee_vod__c","invalid cross reference id"
"EM_Attendee_vod__c.Tax_Id_Type_HCPTS__c","0PS3E0000000FeyWAE","TRUE","TRUE","EM_Attendee_vod__c","invalid cross reference id"
"EM_Attendee_vod__c.Sponsorship_Letter_HCPTS__c","0PS3E0000000FeyWAE","TRUE","TRUE","EM_Attendee_vod__c","invalid cross reference id"
"EM_Attendee_vod__c.Related_ICF_HCPTS__c","0PS3E0000000FeyWAE","TRUE","TRUE","EM_Attendee_vod__c","invalid cross reference id"
"EM_Attendee_vod__c.Language__c","0PS3E0000000FeyWAE","TRUE","TRUE","EM_Attendee_vod__c","invalid cross reference id"
"EM_Attendee_vod__c.Activity_Type_HCPTS__c","0PS3E0000000FeyWAE","TRUE","TRUE","EM_Attendee_vod__c","invalid cross reference id"
"EM_Attendee_vod__c.Professional_ID_HCPTS__c","0PS3E0000000FeyWAE","TRUE","TRUE","EM_Attendee_vod__c","invalid cross reference id"
"EM_Attendee_vod__c.Registration_Status_HCPTS__c","0PS3E0000000FeyWAE","FALSE","TRUE","EM_Attendee_vod__c","invalid cross reference id"
"EM_Attendee_vod__c.Account_vod__c","0PS3E0000000FeyWAE","TRUE","TRUE","EM_Attendee_vod__c","invalid cross reference id"
"EM_Attendee_vod__c.Attendee_Name_vod__c","0PS3E0000000FeyWAE","TRUE","TRUE","EM_Attendee_vod__c","invalid cross reference id"
"EM_Attendee_vod__c.Contact_vod__c","0PS3E0000000FeyWAE","TRUE","TRUE","EM_Attendee_vod__c","invalid cross reference id"
"EM_Attendee_vod__c.End_Time_vod__c","0PS3E0000000FeyWAE","TRUE","TRUE","EM_Attendee_vod__c","invalid cross reference id"
"EM_Attendee_vod__c.Event_vod__c","0PS3E0000000FeyWAE","TRUE","TRUE","EM_Attendee_vod__c","invalid cross reference id"
"EM_Attendee_vod__c.External_ID_vod__c","0PS3E0000000FeyWAE","TRUE","TRUE","EM_Attendee_vod__c","invalid cross reference id"
"EM_Attendee_vod__c.Meal_Opt_In_vod__c","0PS3E0000000FeyWAE","TRUE","TRUE","EM_Attendee_vod__c","invalid cross reference id"
"EM_Attendee_vod__c.Meal_Preference_vod__c","0PS3E0000000FeyWAE","TRUE","TRUE","EM_Attendee_vod__c","invalid cross reference id"
"EM_Attendee_vod__c.Organization_vod__c","0PS3E0000000FeyWAE","TRUE","TRUE","EM_Attendee_vod__c","invalid cross reference id"
"EM_Attendee_vod__c.Signature_Datetime_vod__c","0PS3E0000000FeyWAE","TRUE","TRUE","EM_Attendee_vod__c","invalid cross reference id"
"EM_Attendee_vod__c.Signature_vod__c","0PS3E0000000FeyWAE","TRUE","TRUE","EM_Attendee_vod__c","invalid cross reference id"
"EM_Attendee_vod__c.Signee_vod__c","0PS3E0000000FeyWAE","TRUE","TRUE","EM_Attendee_vod__c","invalid cross reference id"
"EM_Attendee_vod__c.Start_Time_vod__c","0PS3E0000000FeyWAE","TRUE","TRUE","EM_Attendee_vod__c","invalid cross reference id"
"EM_Attendee_vod__c.Status_vod__c","0PS3E0000000FeyWAE","TRUE","TRUE","EM_Attendee_vod__c","invalid cross reference id"
"EM_Attendee_vod__c.Stub_Mobile_Id_vod__c","0PS3E0000000FeyWAE","TRUE","TRUE","EM_Attendee_vod__c","invalid cross reference id"
"EM_Attendee_vod__c.Stub_SFDC_Id_vod__c","0PS3E0000000FeyWAE","TRUE","TRUE","EM_Attendee_vod__c","invalid cross reference id"
"EM_Attendee_vod__c.User_vod__c","0PS3E0000000FeyWAE","TRUE","TRUE","EM_Attendee_vod__c","invalid cross reference id"
"EM_Attendee_vod__c.Vessel_Number_vod__c","0PS3E0000000FeyWAE","TRUE","TRUE","EM_Attendee_vod__c","invalid cross reference id"
"EM_Attendee_vod__c.Mobile_ID_vod__c","0PS3E0000000FeyWAE","TRUE","TRUE","EM_Attendee_vod__c","invalid cross reference id"
"EM_Attendee_vod__c.Title_Formula_HCPTS__c","0PS3E0000000FeyWAE","FALSE","TRUE","EM_Attendee_vod__c","invalid cross reference id"
"EM_Attendee_vod__c.City_HCPTS__c","0PS3E0000000FeyWAE","TRUE","TRUE","EM_Attendee_vod__c","invalid cross reference id"
"EM_Attendee_vod__c.State_HCPTS__c","0PS3E0000000FeyWAE","TRUE","TRUE","EM_Attendee_vod__c","invalid cross reference id"
"EM_Attendee_vod__c.Zip_Code_HCPTS__c","0PS3E0000000FeyWAE","TRUE","TRUE","EM_Attendee_vod__c","invalid cross reference id"
"EM_Attendee_vod__c.Country_HCPTS__c","0PS3E0000000FeyWAE","TRUE","TRUE","EM_Attendee_vod__c","invalid cross reference id"
"EM_Attendee_vod__c.Phone_HCPTS__c","0PS3E0000000FeyWAE","FALSE","TRUE","EM_Attendee_vod__c","invalid cross reference id"
"EM_Attendee_vod__c.Email_HCPTS__c","0PS3E0000000FeyWAE","FALSE","TRUE","EM_Attendee_vod__c","invalid cross reference id"
"EM_Attendee_vod__c.Specialty_HCPTS__c","0PS3E0000000FeyWAE","FALSE","TRUE","EM_Attendee_vod__c","invalid cross reference id"
"EM_Attendee_vod__c.Customer_Master_ID_HCPTS__c","0PS3E0000000FeyWAE","FALSE","TRUE","EM_Attendee_vod__c","invalid cross reference id"
"EM_Attendee_vod__c.Can_Generate_Contract__c","0PS3E0000000FeyWAE","TRUE","TRUE","EM_Attendee_vod__c","invalid cross reference id"
"EM_Attendee_vod__c.ESVisible_HCPTS__c","0PS3E0000000FeyWAE","FALSE","TRUE","EM_Attendee_vod__c","invalid cross reference id"
"EM_Attendee_vod__c.Country_ref_HCPTS__c","0PS3E0000000FeyWAE","TRUE","TRUE","EM_Attendee_vod__c","invalid cross reference id"
"EM_Attendee_vod__c.Last_Modified_By_HCPTS__c","0PS3E0000000FeyWAE","FALSE","TRUE","EM_Attendee_vod__c","invalid cross reference id"
"EM_Attendee_vod__c.Created_By_HCTPS__c","0PS3E0000000FeyWAE","FALSE","TRUE","EM_Attendee_vod__c","invalid cross reference id"
"EM_Attendee_vod__c.Entity_Reference_Id_vod__c","0PS3E0000000FeyWAE","TRUE","TRUE","EM_Attendee_vod__c","invalid cross reference id"
"EM_Attendee_vod__c.Furigana_vod__c","0PS3E0000000FeyWAE","TRUE","TRUE","EM_Attendee_vod__c","invalid cross reference id"
"EM_Attendee_vod__c.Online_Registration_Status_vod__c","0PS3E0000000FeyWAE","TRUE","TRUE","EM_Attendee_vod__c","invalid cross reference id"
"EM_Attendee_vod__c.Override_Lock_vod__c","0PS3E0000000FeyWAE","TRUE","TRUE","EM_Attendee_vod__c","invalid cross reference id"
"EM_Budget_vod__c.Actual_Expenses_vod__c","0PS3E0000000FeyWAE","TRUE","TRUE","EM_Budget_vod__c","invalid cross reference id"
"EM_Budget_vod__c.Actual_Remaining_vod__c","0PS3E0000000FeyWAE","FALSE","TRUE","EM_Budget_vod__c","invalid cross reference id"
"EM_Budget_vod__c.Budget_Identifier_vod__c","0PS3E0000000FeyWAE","TRUE","TRUE","EM_Budget_vod__c","invalid cross reference id"
"EM_Budget_vod__c.Child_Budget_Allocation_vod__c","0PS3E0000000FeyWAE","TRUE","TRUE","EM_Budget_vod__c","invalid cross reference id"
"EM_Budget_vod__c.Committed_Expenses_vod__c","0PS3E0000000FeyWAE","TRUE","TRUE","EM_Budget_vod__c","invalid cross reference id"
"EM_Budget_vod__c.Committed_Remaining_vod__c","0PS3E0000000FeyWAE","FALSE","TRUE","EM_Budget_vod__c","invalid cross reference id"
"EM_Budget_vod__c.End_Date_vod__c","0PS3E0000000FeyWAE","TRUE","TRUE","EM_Budget_vod__c","invalid cross reference id"
"EM_Budget_vod__c.Estimated_Expenses_vod__c","0PS3E0000000FeyWAE","TRUE","TRUE","EM_Budget_vod__c","invalid cross reference id"
"EM_Budget_vod__c.Estimated_Remaining_vod__c","0PS3E0000000FeyWAE","FALSE","TRUE","EM_Budget_vod__c","invalid cross reference id"
"EM_Budget_vod__c.External_ID_vod__c","0PS3E0000000FeyWAE","TRUE","TRUE","EM_Budget_vod__c","invalid cross reference id"
"EM_Budget_vod__c.Parent_Budget_vod__c","0PS3E0000000FeyWAE","TRUE","TRUE","EM_Budget_vod__c","invalid cross reference id"
"EM_Budget_vod__c.Product_vod__c","0PS3E0000000FeyWAE","TRUE","TRUE","EM_Budget_vod__c","invalid cross reference id"
"EM_Budget_vod__c.Start_Date_vod__c","0PS3E0000000FeyWAE","TRUE","TRUE","EM_Budget_vod__c","invalid cross reference id"
"EM_Budget_vod__c.Status_vod__c","0PS3E0000000FeyWAE","TRUE","TRUE","EM_Budget_vod__c","invalid cross reference id"
"EM_Budget_vod__c.Total_Budget_vod__c","0PS3E0000000FeyWAE","TRUE","TRUE","EM_Budget_vod__c","invalid cross reference id"
"EM_Budget_vod__c.Approval_Status_HCPTS__c","0PS3E0000000FeyWAE","TRUE","TRUE","EM_Budget_vod__c","invalid cross reference id"
"EM_Budget_vod__c.Approving_User_HCPTS__c","0PS3E0000000FeyWAE","TRUE","TRUE","EM_Budget_vod__c","invalid cross reference id"
"EM_Budget_vod__c.Processor_HCPTS__c","0PS3E0000000FeyWAE","TRUE","TRUE","EM_Budget_vod__c","invalid cross reference id"
"EM_Budget_vod__c.Reviewing_User_HCPTS__c","0PS3E0000000FeyWAE","TRUE","TRUE","EM_Budget_vod__c","invalid cross reference id"
"EM_Budget_vod__c.Therapeutic_Area_HCPTS__c","0PS3E0000000FeyWAE","TRUE","TRUE","EM_Budget_vod__c","invalid cross reference id"
"EM_Budget_vod__c.Promotional_HCPTS__c","0PS3E0000000FeyWAE","TRUE","TRUE","EM_Budget_vod__c","invalid cross reference id"
"EM_Budget_vod__c.Estimated_Number_of_Activities_HCPTS__c","0PS3E0000000FeyWAE","TRUE","TRUE","EM_Budget_vod__c","invalid cross reference id"
"EM_Budget_vod__c.Description_HCPTS__c","0PS3E0000000FeyWAE","TRUE","TRUE","EM_Budget_vod__c","invalid cross reference id"
"EM_Budget_vod__c.Initiating_BU_HCPTS__c","0PS3E0000000FeyWAE","TRUE","TRUE","EM_Budget_vod__c","invalid cross reference id"
"EM_Budget_vod__c.Is_Joint_Venture_Activity_HCPTS__c","0PS3E0000000FeyWAE","TRUE","TRUE","EM_Budget_vod__c","invalid cross reference id"
"EM_Budget_vod__c.Joint_Venture_Detail_HCPTS__c","0PS3E0000000FeyWAE","TRUE","TRUE","EM_Budget_vod__c","invalid cross reference id"
"EM_Budget_vod__c.Copayment_HCPTS__c","0PS3E0000000FeyWAE","TRUE","TRUE","EM_Budget_vod__c","invalid cross reference id"
"EM_Budget_vod__c.WBS_Number_HCPTS__c","0PS3E0000000FeyWAE","TRUE","TRUE","EM_Budget_vod__c","invalid cross reference id"
"EM_Budget_vod__c.Cost_Center_Code_HCPTS__c","0PS3E0000000FeyWAE","TRUE","TRUE","EM_Budget_vod__c","invalid cross reference id"
"EM_Budget_vod__c.Activity_Type_HCPTS__c","0PS3E0000000FeyWAE","TRUE","TRUE","EM_Budget_vod__c","invalid cross reference id"
"EM_Budget_vod__c.Regulatory_Reviwer_HCPTS__c","0PS3E0000000FeyWAE","TRUE","TRUE","EM_Budget_vod__c","invalid cross reference id"
"EM_Budget_vod__c.Currency_HCPTS__c","0PS3E0000000FeyWAE","TRUE","TRUE","EM_Budget_vod__c","invalid cross reference id"
"EM_Budget_vod__c.Version_HCPTS__c","0PS3E0000000FeyWAE","TRUE","TRUE","EM_Budget_vod__c","invalid cross reference id"
"EM_Budget_vod__c.Need_ID_HCPTS__c","0PS3E0000000FeyWAE","FALSE","TRUE","EM_Budget_vod__c","invalid cross reference id"
"EM_Budget_vod__c.Funding_Country_HCPTS__c","0PS3E0000000FeyWAE","TRUE","TRUE","EM_Budget_vod__c","invalid cross reference id"
"EM_Budget_vod__c.Activity_Country_HCPTS__c","0PS3E0000000FeyWAE","TRUE","TRUE","EM_Budget_vod__c","invalid cross reference id"
"EM_Budget_vod__c.Congress_Name_HCPTS__c","0PS3E0000000FeyWAE","TRUE","TRUE","EM_Budget_vod__c","invalid cross reference id"
"EM_Budget_vod__c.Congress_Address_Line_1__c","0PS3E0000000FeyWAE","TRUE","TRUE","EM_Budget_vod__c","invalid cross reference id"
"EM_Budget_vod__c.Congress_Address_Line_2_HCPTS__c","0PS3E0000000FeyWAE","TRUE","TRUE","EM_Budget_vod__c","invalid cross reference id"
"EM_Budget_vod__c.Congress_City_HCPTS__c","0PS3E0000000FeyWAE","TRUE","TRUE","EM_Budget_vod__c","invalid cross reference id"
"EM_Budget_vod__c.Congress_State_Province_HCPTS__c","0PS3E0000000FeyWAE","TRUE","TRUE","EM_Budget_vod__c","invalid cross reference id"
"EM_Budget_vod__c.Congress_Postal_Code_HCPTS__c","0PS3E0000000FeyWAE","TRUE","TRUE","EM_Budget_vod__c","invalid cross reference id"
"EM_Budget_vod__c.Topic_HCPTS__c","0PS3E0000000FeyWAE","TRUE","TRUE","EM_Budget_vod__c","invalid cross reference id"
"EM_Budget_vod__c.Scope_HCPTS__c","0PS3E0000000FeyWAE","TRUE","TRUE","EM_Budget_vod__c","invalid cross reference id"
"EM_Budget_vod__c.Participant_Count_HCPTS__c","0PS3E0000000FeyWAE","TRUE","TRUE","EM_Budget_vod__c","invalid cross reference id"
"EM_Budget_vod__c.Company_Code_HCPTS__c","0PS3E0000000FeyWAE","TRUE","TRUE","EM_Budget_vod__c","invalid cross reference id"
"EM_Budget_vod__c.Fields_For_Approval_HCPTS__c","0PS3E0000000FeyWAE","TRUE","TRUE","EM_Budget_vod__c","invalid cross reference id"
"EM_Budget_vod__c.Fields_For_Approval_1_HCPTS__c","0PS3E0000000FeyWAE","TRUE","TRUE","EM_Budget_vod__c","invalid cross reference id"
"EM_Budget_vod__c.Activity_Format_HCPTS__c","0PS3E0000000FeyWAE","TRUE","TRUE","EM_Budget_vod__c","invalid cross reference id"
"EM_Budget_vod__c.Need_Owner_HCPTS__c","0PS3E0000000FeyWAE","TRUE","TRUE","EM_Budget_vod__c","invalid cross reference id"
"EM_Budget_vod__c.Delegate_Sharing_rights_to_Processor__c","0PS3E0000000FeyWAE","TRUE","TRUE","EM_Budget_vod__c","invalid cross reference id"
"EM_Budget_vod__c.Company_Code_Currency_HCPTS__c","0PS3E0000000FeyWAE","FALSE","TRUE","EM_Budget_vod__c","invalid cross reference id"
"EM_Budget_vod__c.Last_Modified_By_HCPTS__c","0PS3E0000000FeyWAE","FALSE","TRUE","EM_Budget_vod__c","invalid cross reference id"
"EM_Budget_vod__c.Created_By_HCTPS__c","0PS3E0000000FeyWAE","FALSE","TRUE","EM_Budget_vod__c","invalid cross reference id"
"EM_Event_Action_vod__c.Allow_Comments_vod__c","0PS3E0000000FeyWAE","TRUE","TRUE","EM_Event_Action_vod__c","invalid cross reference id"
"EM_Event_Action_vod__c.Country_Override_vod__c","0PS3E0000000FeyWAE","TRUE","TRUE","EM_Event_Action_vod__c","invalid cross reference id"
"EM_Event_Action_vod__c.External_ID_vod__c","0PS3E0000000FeyWAE","TRUE","TRUE","EM_Event_Action_vod__c","invalid cross reference id"
"EM_Event_Action_vod__c.Starting_Status_vod__c","0PS3E0000000FeyWAE","TRUE","TRUE","EM_Event_Action_vod__c","invalid cross reference id"
"EM_Event_Action_vod__c.Approver_Role_vod__c","0PS3E0000000FeyWAE","FALSE","TRUE","EM_Event_Action_vod__c","invalid cross reference id"
"EM_Event_Action_vod__c.Entry_Criteria_Not_Met_Message_vod__c","0PS3E0000000FeyWAE","FALSE","TRUE","EM_Event_Action_vod__c","invalid cross reference id"
"EM_Event_Action_vod__c.SFDC_Action_Type_vod__c","0PS3E0000000FeyWAE","FALSE","TRUE","EM_Event_Action_vod__c","invalid cross reference id"
"EM_Event_Budget_vod__c.Is_Need__c","0PS3E0000000FeyWAE","TRUE","TRUE","EM_Event_Budget_vod__c","invalid cross reference id"
"EM_Event_Budget_vod__c.Actual_vod__c","0PS3E0000000FeyWAE","TRUE","TRUE","EM_Event_Budget_vod__c","invalid cross reference id"
"EM_Event_Budget_vod__c.Budget_vod__c","0PS3E0000000FeyWAE","TRUE","TRUE","EM_Event_Budget_vod__c","invalid cross reference id"
"EM_Event_Budget_vod__c.Committed_vod__c","0PS3E0000000FeyWAE","TRUE","TRUE","EM_Event_Budget_vod__c","invalid cross reference id"
"EM_Event_Budget_vod__c.Estimate_vod__c","0PS3E0000000FeyWAE","TRUE","TRUE","EM_Event_Budget_vod__c","invalid cross reference id"
"EM_Event_Budget_vod__c.Estimated_Remaining_vod__c","0PS3E0000000FeyWAE","FALSE","TRUE","EM_Event_Budget_vod__c","invalid cross reference id"
"EM_Event_Budget_vod__c.Event_Canceled_vod__c","0PS3E0000000FeyWAE","TRUE","TRUE","EM_Event_Budget_vod__c","invalid cross reference id"
"EM_Event_Budget_vod__c.Event_vod__c","0PS3E0000000FeyWAE","TRUE","TRUE","EM_Event_Budget_vod__c","invalid cross reference id"
"EM_Event_Budget_vod__c.External_ID_vod__c","0PS3E0000000FeyWAE","TRUE","TRUE","EM_Event_Budget_vod__c","invalid cross reference id"
"EM_Event_Budget_vod__c.Budget_Name_vod__c","0PS3E0000000FeyWAE","FALSE","TRUE","EM_Event_Budget_vod__c","invalid cross reference id"
"EM_Event_Budget_vod__c.Mobile_ID_vod__c","0PS3E0000000FeyWAE","TRUE","TRUE","EM_Event_Budget_vod__c","invalid cross reference id"
"EM_Event_Budget_vod__c.Last_Modified_By_HCPTS__c","0PS3E0000000FeyWAE","FALSE","TRUE","EM_Event_Budget_vod__c","invalid cross reference id"
"EM_Event_Budget_vod__c.Created_By_HCTPS__c","0PS3E0000000FeyWAE","FALSE","TRUE","EM_Event_Budget_vod__c","invalid cross reference id"
"EM_Event_Budget_vod__c.Waiting_for_Expense_Estimate_Inheritance__c","0PS3E0000000FeyWAE","TRUE","TRUE","EM_Event_Budget_vod__c","invalid cross reference id"
"EM_Event_Budget_vod__c.Failure_Inheriting_Expense_Estimates__c","0PS3E0000000FeyWAE","TRUE","TRUE","EM_Event_Budget_vod__c","invalid cross reference id"
"EM_Event_Budget_vod__c.Override_Lock_vod__c","0PS3E0000000FeyWAE","TRUE","TRUE","EM_Event_Budget_vod__c","invalid cross reference id"
"EM_Event_Configuration_Country_vod__c.External_ID_vod__c","0PS3E0000000FeyWAE","TRUE","TRUE","EM_Event_Configuration_Country_vod__c","invalid cross reference id"
"EM_Event_Configuration_Country_vod__c.Country_Formula_HCPTS__c","0PS3E0000000FeyWAE","FALSE","TRUE","EM_Event_Configuration_Country_vod__c","invalid cross reference id"
"EM_Event_Configuration_vod__c.External_ID_vod__c","0PS3E0000000FeyWAE","TRUE","TRUE","EM_Event_Configuration_vod__c","invalid cross reference id"
"EM_Event_History_vod__c.Action_Datetime_vod__c","0PS3E0000000FeyWAE","TRUE","TRUE","EM_Event_History_vod__c","invalid cross reference id"
"EM_Event_History_vod__c.Action_Type_vod__c","0PS3E0000000FeyWAE","TRUE","TRUE","EM_Event_History_vod__c","invalid cross reference id"
"EM_Event_History_vod__c.Comment_vod__c","0PS3E0000000FeyWAE","TRUE","TRUE","EM_Event_History_vod__c","invalid cross reference id"
"EM_Event_History_vod__c.Ending_Status_vod__c","0PS3E0000000FeyWAE","TRUE","TRUE","EM_Event_History_vod__c","invalid cross reference id"
"EM_Event_History_vod__c.Event_vod__c","0PS3E0000000FeyWAE","TRUE","TRUE","EM_Event_History_vod__c","invalid cross reference id"
"EM_Event_History_vod__c.External_ID_vod__c","0PS3E0000000FeyWAE","TRUE","TRUE","EM_Event_History_vod__c","invalid cross reference id"
"EM_Event_History_vod__c.Next_Approver_vod__c","0PS3E0000000FeyWAE","TRUE","TRUE","EM_Event_History_vod__c","invalid cross reference id"
"EM_Event_History_vod__c.Starting_Status_vod__c","0PS3E0000000FeyWAE","TRUE","TRUE","EM_Event_History_vod__c","invalid cross reference id"
"EM_Event_History_vod__c.User_vod__c","0PS3E0000000FeyWAE","TRUE","TRUE","EM_Event_History_vod__c","invalid cross reference id"
"EM_Event_History_vod__c.Next_Approver_Group_vod__c","0PS3E0000000FeyWAE","TRUE","TRUE","EM_Event_History_vod__c","invalid cross reference id"
"EM_Event_History_vod__c.Next_Approver_Role_vod__c","0PS3E0000000FeyWAE","TRUE","TRUE","EM_Event_History_vod__c","invalid cross reference id"
"EM_Event_History_vod__c.Product_TA_HCPTS__c","0PS3E0000000FeyWAE","FALSE","TRUE","EM_Event_History_vod__c","invalid cross reference id"
"EM_Event_History_vod__c.Activity_ID_HCPTS__c","0PS3E0000000FeyWAE","FALSE","TRUE","EM_Event_History_vod__c","invalid cross reference id"
"EM_Event_History_vod__c.Start_Date_HCPTS__c","0PS3E0000000FeyWAE","FALSE","TRUE","EM_Event_History_vod__c","invalid cross reference id"
"EM_Event_History_vod__c.End_Time_HCPTS__c","0PS3E0000000FeyWAE","FALSE","TRUE","EM_Event_History_vod__c","invalid cross reference id"
"EM_Event_History_vod__c.Project_Owner_HCPTS__c","0PS3E0000000FeyWAE","FALSE","TRUE","EM_Event_History_vod__c","invalid cross reference id"
"EM_Event_History_vod__c.Activity_Name_HCPTS__c","0PS3E0000000FeyWAE","FALSE","TRUE","EM_Event_History_vod__c","invalid cross reference id"
"EM_Event_History_vod__c.Processor_Email_HCPTS__c","0PS3E0000000FeyWAE","TRUE","TRUE","EM_Event_History_vod__c","invalid cross reference id"
"EM_Event_History_vod__c.Event_Creator_Email_HCPTS__c","0PS3E0000000FeyWAE","TRUE","TRUE","EM_Event_History_vod__c","invalid cross reference id"
"EM_Event_History_vod__c.Parent_Activity_ID_HCPTS__c","0PS3E0000000FeyWAE","FALSE","TRUE","EM_Event_History_vod__c","invalid cross reference id"
"EM_Event_History_vod__c.Action_Date_HCTPS__c","0PS3E0000000FeyWAE","FALSE","TRUE","EM_Event_History_vod__c","invalid cross reference id"
"EM_Event_History_vod__c.Override_Lock_vod__c","0PS3E0000000FeyWAE","TRUE","TRUE","EM_Event_History_vod__c","invalid cross reference id"
"EM_Event_Layout_vod__c.Country_Override_vod__c","0PS3E0000000FeyWAE","TRUE","TRUE","EM_Event_Layout_vod__c","invalid cross reference id"
"EM_Event_Layout_vod__c.Event_Configuration_vod__c","0PS3E0000000FeyWAE","TRUE","TRUE","EM_Event_Layout_vod__c","invalid cross reference id"
"EM_Event_Layout_vod__c.Event_Layout_vod__c","0PS3E0000000FeyWAE","TRUE","TRUE","EM_Event_Layout_vod__c","invalid cross reference id"
"EM_Event_Layout_vod__c.Event_Status_vod__c","0PS3E0000000FeyWAE","TRUE","TRUE","EM_Event_Layout_vod__c","invalid cross reference id"
"EM_Event_Layout_vod__c.Event_Team_Role_vod__c","0PS3E0000000FeyWAE","TRUE","TRUE","EM_Event_Layout_vod__c","invalid cross reference id"
"EM_Event_Layout_vod__c.Expense_Estimate_Layout_vod__c","0PS3E0000000FeyWAE","TRUE","TRUE","EM_Event_Layout_vod__c","invalid cross reference id"
"EM_Event_Layout_vod__c.Expense_Header_Layout_vod__c","0PS3E0000000FeyWAE","TRUE","TRUE","EM_Event_Layout_vod__c","invalid cross reference id"
"EM_Event_Layout_vod__c.Expense_Line_Layout_vod__c","0PS3E0000000FeyWAE","TRUE","TRUE","EM_Event_Layout_vod__c","invalid cross reference id"
"EM_Event_Layout_vod__c.External_ID__c","0PS3E0000000FeyWAE","TRUE","TRUE","EM_Event_Layout_vod__c","invalid cross reference id"
"EM_Event_Layout_vod__c.User_Profile_vod__c","0PS3E0000000FeyWAE","TRUE","TRUE","EM_Event_Layout_vod__c","invalid cross reference id"
"EM_Event_Layout_vod__c.Visible_Buttons_vod__c","0PS3E0000000FeyWAE","TRUE","TRUE","EM_Event_Layout_vod__c","invalid cross reference id"
"EM_Event_Layout_vod__c.User_Profile_Id_vod__c","0PS3E0000000FeyWAE","TRUE","TRUE","EM_Event_Layout_vod__c","invalid cross reference id"
"EM_Event_Session_Attendee_vod__c.Attendee_Name_vod__c","0PS3E0000000FeyWAE","FALSE","TRUE","EM_Event_Session_Attendee_vod__c","invalid cross reference id"
"EM_Event_Session_Attendee_vod__c.Attendee_vod__c","0PS3E0000000FeyWAE","TRUE","TRUE","EM_Event_Session_Attendee_vod__c","invalid cross reference id"
"EM_Event_Session_Attendee_vod__c.Event_Session_vod__c","0PS3E0000000FeyWAE","TRUE","TRUE","EM_Event_Session_Attendee_vod__c","invalid cross reference id"
"EM_Event_Session_Attendee_vod__c.External_ID_vod__c","0PS3E0000000FeyWAE","TRUE","TRUE","EM_Event_Session_Attendee_vod__c","invalid cross reference id"
"EM_Event_Session_Attendee_vod__c.Speaker_vod__c","0PS3E0000000FeyWAE","TRUE","TRUE","EM_Event_Session_Attendee_vod__c","invalid cross reference id"
"EM_Event_Session_Attendee_vod__c.Team_Member_vod__c","0PS3E0000000FeyWAE","TRUE","TRUE","EM_Event_Session_Attendee_vod__c","invalid cross reference id"
"EM_Event_Session_Attendee_vod__c.Mobile_ID_vod__c","0PS3E0000000FeyWAE","TRUE","TRUE","EM_Event_Session_Attendee_vod__c","invalid cross reference id"
"EM_Event_Session_Attendee_vod__c.Override_Lock_vod__c","0PS3E0000000FeyWAE","TRUE","TRUE","EM_Event_Session_Attendee_vod__c","invalid cross reference id"
"EM_Event_Session_vod__c.End_Time_vod__c","0PS3E0000000FeyWAE","TRUE","TRUE","EM_Event_Session_vod__c","invalid cross reference id"
"EM_Event_Session_vod__c.Event_vod__c","0PS3E0000000FeyWAE","TRUE","TRUE","EM_Event_Session_vod__c","invalid cross reference id"
"EM_Event_Session_vod__c.External_ID_vod__c","0PS3E0000000FeyWAE","TRUE","TRUE","EM_Event_Session_vod__c","invalid cross reference id"
"EM_Event_Session_vod__c.Location_vod__c","0PS3E0000000FeyWAE","TRUE","TRUE","EM_Event_Session_vod__c","invalid cross reference id"
"EM_Event_Session_vod__c.Start_Time_vod__c","0PS3E0000000FeyWAE","TRUE","TRUE","EM_Event_Session_vod__c","invalid cross reference id"
"EM_Event_Session_vod__c.Mobile_ID_vod__c","0PS3E0000000FeyWAE","TRUE","TRUE","EM_Event_Session_vod__c","invalid cross reference id"
"EM_Event_Session_vod__c.Override_Lock_vod__c","0PS3E0000000FeyWAE","TRUE","TRUE","EM_Event_Session_vod__c","invalid cross reference id"
"EM_Event_Speaker_vod__c.Credentials_vod__c","0PS3E0000000FeyWAE","FALSE","TRUE","EM_Event_Speaker_vod__c","invalid cross reference id"
"EM_Event_Speaker_vod__c.First_Name_vod__c","0PS3E0000000FeyWAE","FALSE","TRUE","EM_Event_Speaker_vod__c","invalid cross reference id"
"EM_Event_Speaker_vod__c.Last_Name_vod__c","0PS3E0000000FeyWAE","FALSE","TRUE","EM_Event_Speaker_vod__c","invalid cross reference id"
"EM_Event_Speaker_vod__c.Title_vod__c","0PS3E0000000FeyWAE","FALSE","TRUE","EM_Event_Speaker_vod__c","invalid cross reference id"
"EM_Event_Speaker_vod__c.Activity_Service_Type_HCPTS__c","0PS3E0000000FeyWAE","TRUE","TRUE","EM_Event_Speaker_vod__c","invalid cross reference id"
"EM_Event_Speaker_vod__c.Preferred_Language_HCPTS__c","0PS3E0000000FeyWAE","FALSE","TRUE","EM_Event_Speaker_vod__c","invalid cross reference id"
"EM_Event_Speaker_vod__c.Contract_Party_HCPTS__c","0PS3E0000000FeyWAE","FALSE","TRUE","EM_Event_Speaker_vod__c","invalid cross reference id"
"EM_Event_Speaker_vod__c.AATemplateID_HCPTS__c","0PS3E0000000FeyWAE","FALSE","TRUE","EM_Event_Speaker_vod__c","invalid cross reference id"
"EM_Event_Speaker_vod__c.ContractTemplateId_HCPTS__c","0PS3E0000000FeyWAE","FALSE","TRUE","EM_Event_Speaker_vod__c","invalid cross reference id"
"EM_Event_Speaker_vod__c.ContractTemplateId_to_Download_HCPTS__c","0PS3E0000000FeyWAE","FALSE","TRUE","EM_Event_Speaker_vod__c","invalid cross reference id"
"EM_Event_Speaker_vod__c.Contract_Lead_Time_HCPTS__c","0PS3E0000000FeyWAE","FALSE","TRUE","EM_Event_Speaker_vod__c","invalid cross reference id"
"EM_Event_Speaker_vod__c.FWTemplateId_For_Download_HCPTS__c","0PS3E0000000FeyWAE","FALSE","TRUE","EM_Event_Speaker_vod__c","invalid cross reference id"
"EM_Event_Speaker_vod__c.FWTemplateId_HCPTS__c","0PS3E0000000FeyWAE","FALSE","TRUE","EM_Event_Speaker_vod__c","invalid cross reference id"
"EM_Event_Speaker_vod__c.Provider_Type_HCPTS__c","0PS3E0000000FeyWAE","TRUE","TRUE","EM_Event_Speaker_vod__c","invalid cross reference id"
"EM_Event_Speaker_vod__c.View_Online_HCPTS__c","0PS3E0000000FeyWAE","FALSE","TRUE","EM_Event_Speaker_vod__c","invalid cross reference id"
"EM_Event_Speaker_vod__c.Employer_Consent_Status_HCPTS__c","0PS3E0000000FeyWAE","FALSE","TRUE","EM_Event_Speaker_vod__c","invalid cross reference id"
"EM_Event_Speaker_vod__c.Employer_Consent_Required_HCPTS__c","0PS3E0000000FeyWAE","TRUE","TRUE","EM_Event_Speaker_vod__c","invalid cross reference id"
"EM_Event_Speaker_vod__c.CongaCurrencyCulture_HCPTS__c","0PS3E0000000FeyWAE","FALSE","TRUE","EM_Event_Speaker_vod__c","invalid cross reference id"
"EM_Event_Speaker_vod__c.Registration_Status_HCPTS__c","0PS3E0000000FeyWAE","FALSE","TRUE","EM_Event_Speaker_vod__c","invalid cross reference id"
"EM_Event_Speaker_vod__c.Account_vod__c","0PS3E0000000FeyWAE","FALSE","TRUE","EM_Event_Speaker_vod__c","invalid cross reference id"
"EM_Event_Speaker_vod__c.End_Time_vod__c","0PS3E0000000FeyWAE","TRUE","TRUE","EM_Event_Speaker_vod__c","invalid cross reference id"
"EM_Event_Speaker_vod__c.Event_vod__c","0PS3E0000000FeyWAE","TRUE","TRUE","EM_Event_Speaker_vod__c","invalid cross reference id"
"EM_Event_Speaker_vod__c.External_ID_vod__c","0PS3E0000000FeyWAE","TRUE","TRUE","EM_Event_Speaker_vod__c","invalid cross reference id"
"EM_Event_Speaker_vod__c.Meal_Opt_In_vod__c","0PS3E0000000FeyWAE","TRUE","TRUE","EM_Event_Speaker_vod__c","invalid cross reference id"
"EM_Event_Speaker_vod__c.Meal_Preference_vod__c","0PS3E0000000FeyWAE","TRUE","TRUE","EM_Event_Speaker_vod__c","invalid cross reference id"
"EM_Event_Speaker_vod__c.Signature_Datetime_vod__c","0PS3E0000000FeyWAE","TRUE","TRUE","EM_Event_Speaker_vod__c","invalid cross reference id"
"EM_Event_Speaker_vod__c.Signature_vod__c","0PS3E0000000FeyWAE","TRUE","TRUE","EM_Event_Speaker_vod__c","invalid cross reference id"
"EM_Event_Speaker_vod__c.Speaker_vod__c","0PS3E0000000FeyWAE","TRUE","TRUE","EM_Event_Speaker_vod__c","invalid cross reference id"
"EM_Event_Speaker_vod__c.Start_Time_vod__c","0PS3E0000000FeyWAE","TRUE","TRUE","EM_Event_Speaker_vod__c","invalid cross reference id"
"EM_Event_Speaker_vod__c.Status_vod__c","0PS3E0000000FeyWAE","TRUE","TRUE","EM_Event_Speaker_vod__c","invalid cross reference id"
"EM_Event_Speaker_vod__c.Stub_Mobile_Id_vod__c","0PS3E0000000FeyWAE","TRUE","TRUE","EM_Event_Speaker_vod__c","invalid cross reference id"
"EM_Event_Speaker_vod__c.Stub_SFDC_Id_vod__c","0PS3E0000000FeyWAE","TRUE","TRUE","EM_Event_Speaker_vod__c","invalid cross reference id"
"EM_Event_Speaker_vod__c.Vessel_Number_vod__c","0PS3E0000000FeyWAE","TRUE","TRUE","EM_Event_Speaker_vod__c","invalid cross reference id"
"EM_Event_Speaker_vod__c.Speaker_Contract_HCPTS__c","0PS3E0000000FeyWAE","TRUE","TRUE","EM_Event_Speaker_vod__c","invalid cross reference id"
"EM_Event_Speaker_vod__c.Speaker_Name_vod__c","0PS3E0000000FeyWAE","FALSE","TRUE","EM_Event_Speaker_vod__c","invalid cross reference id"
"EM_Event_Speaker_vod__c.Specialty_HCPTS__c","0PS3E0000000FeyWAE","TRUE","TRUE","EM_Event_Speaker_vod__c","invalid cross reference id"
"EM_Event_Speaker_vod__c.Max_Hours_HCPTS__c","0PS3E0000000FeyWAE","TRUE","TRUE","EM_Event_Speaker_vod__c","invalid cross reference id"
"EM_Event_Speaker_vod__c.Start_Date_HCPTS__c","0PS3E0000000FeyWAE","TRUE","TRUE","EM_Event_Speaker_vod__c","invalid cross reference id"
"EM_Event_Speaker_vod__c.End_Date_HCPTS__c","0PS3E0000000FeyWAE","TRUE","TRUE","EM_Event_Speaker_vod__c","invalid cross reference id"
"EM_Event_Speaker_vod__c.Additional_Terms_HCPTS__c","0PS3E0000000FeyWAE","TRUE","TRUE","EM_Event_Speaker_vod__c","invalid cross reference id"
"EM_Event_Speaker_vod__c.Taxes_HCPTS__c","0PS3E0000000FeyWAE","TRUE","TRUE","EM_Event_Speaker_vod__c","invalid cross reference id"
"EM_Event_Speaker_vod__c.Reimbursable_Expenses_HCPTS__c","0PS3E0000000FeyWAE","TRUE","TRUE","EM_Event_Speaker_vod__c","invalid cross reference id"
"EM_Event_Speaker_vod__c.Recipient_Email_HCPTS__c","0PS3E0000000FeyWAE","FALSE","TRUE","EM_Event_Speaker_vod__c","invalid cross reference id"
"EM_Event_Speaker_vod__c.Mobile_ID_vod__c","0PS3E0000000FeyWAE","TRUE","TRUE","EM_Event_Speaker_vod__c","invalid cross reference id"
"EM_Event_Speaker_vod__c.Related_ICF_HCPTS__c","0PS3E0000000FeyWAE","TRUE","TRUE","EM_Event_Speaker_vod__c","invalid cross reference id"
"EM_Event_Speaker_vod__c.Activity_Name_HCPTS__c","0PS3E0000000FeyWAE","FALSE","TRUE","EM_Event_Speaker_vod__c","invalid cross reference id"
"EM_Event_Speaker_vod__c.Activity_Product_HCPTS__c","0PS3E0000000FeyWAE","FALSE","TRUE","EM_Event_Speaker_vod__c","invalid cross reference id"
"EM_Event_Speaker_vod__c.Activity_Type_HCPTS__c","0PS3E0000000FeyWAE","FALSE","TRUE","EM_Event_Speaker_vod__c","invalid cross reference id"
"EM_Event_Speaker_vod__c.Speaker_Email_HCPTS__c","0PS3E0000000FeyWAE","FALSE","TRUE","EM_Event_Speaker_vod__c","invalid cross reference id"
"EM_Event_Speaker_vod__c.Event_Speaker_Contract_HCPTS__c","0PS3E0000000FeyWAE","TRUE","TRUE","EM_Event_Speaker_vod__c","invalid cross reference id"
"EM_Event_Speaker_vod__c.Service_Subtype_HCPTS__c","0PS3E0000000FeyWAE","TRUE","TRUE","EM_Event_Speaker_vod__c","invalid cross reference id"
"EM_Event_Speaker_vod__c.Service_Type_HCPTS__c","0PS3E0000000FeyWAE","TRUE","TRUE","EM_Event_Speaker_vod__c","invalid cross reference id"
"EM_Event_Speaker_vod__c.Is_Approved_to_Contract_HCPTS__c","0PS3E0000000FeyWAE","FALSE","TRUE","EM_Event_Speaker_vod__c","invalid cross reference id"
"EM_Event_Speaker_vod__c.Attendance_Status_HCPTS__c","0PS3E0000000FeyWAE","TRUE","TRUE","EM_Event_Speaker_vod__c","invalid cross reference id"
"EM_Event_Speaker_vod__c.Ready_to_Invoice_HCPTS__c","0PS3E0000000FeyWAE","FALSE","TRUE","EM_Event_Speaker_vod__c","invalid cross reference id"
"EM_Event_Speaker_vod__c.Employer_Name_HCPTS__c","0PS3E0000000FeyWAE","TRUE","TRUE","EM_Event_Speaker_vod__c","invalid cross reference id"
"EM_Event_Speaker_vod__c.Employer_Signatory_Name_HCPTS__c","0PS3E0000000FeyWAE","TRUE","TRUE","EM_Event_Speaker_vod__c","invalid cross reference id"
"EM_Event_Speaker_vod__c.Employer_Signatory_Title_HCPTS__c","0PS3E0000000FeyWAE","TRUE","TRUE","EM_Event_Speaker_vod__c","invalid cross reference id"
"EM_Event_Speaker_vod__c.Hide_Employer_Sign_Table_HCPTS__c","0PS3E0000000FeyWAE","FALSE","TRUE","EM_Event_Speaker_vod__c","invalid cross reference id"
"EM_Event_Speaker_vod__c.Employer_Email_HCPTS__c","0PS3E0000000FeyWAE","TRUE","TRUE","EM_Event_Speaker_vod__c","invalid cross reference id"
"EM_Event_Speaker_vod__c.Signer_1_Email_HCPTS__c","0PS3E0000000FeyWAE","FALSE","TRUE","EM_Event_Speaker_vod__c","invalid cross reference id"
"EM_Event_Speaker_vod__c.Echosign_Template_Id_HCPTS__c","0PS3E0000000FeyWAE","FALSE","TRUE","EM_Event_Speaker_vod__c","invalid cross reference id"
"EM_Event_Speaker_vod__c.ESVisible_HCPTS__c","0PS3E0000000FeyWAE","FALSE","TRUE","EM_Event_Speaker_vod__c","invalid cross reference id"
"EM_Event_Speaker_vod__c.Master_ID__c","0PS3E0000000FeyWAE","FALSE","TRUE","EM_Event_Speaker_vod__c","invalid cross reference id"
"EM_Event_Speaker_vod__c.City_HCPTS__c","0PS3E0000000FeyWAE","FALSE","TRUE","EM_Event_Speaker_vod__c","invalid cross reference id"
"EM_Event_Speaker_vod__c.State_Provence_HCPTS__c","0PS3E0000000FeyWAE","FALSE","TRUE","EM_Event_Speaker_vod__c","invalid cross reference id"
"EM_Event_Speaker_vod__c.Zip_HCPTS__c","0PS3E0000000FeyWAE","FALSE","TRUE","EM_Event_Speaker_vod__c","invalid cross reference id"
"EM_Event_Speaker_vod__c.Country_HCPTS__c","0PS3E0000000FeyWAE","FALSE","TRUE","EM_Event_Speaker_vod__c","invalid cross reference id"
"EM_Event_Speaker_vod__c.Phone_HCPTS__c","0PS3E0000000FeyWAE","FALSE","TRUE","EM_Event_Speaker_vod__c","invalid cross reference id"
"EM_Event_Speaker_vod__c.Email_HCPTS__c","0PS3E0000000FeyWAE","FALSE","TRUE","EM_Event_Speaker_vod__c","invalid cross reference id"
"EM_Event_Speaker_vod__c.FSpecialty_HCPTS__c","0PS3E0000000FeyWAE","FALSE","TRUE","EM_Event_Speaker_vod__c","invalid cross reference id"
"EM_Event_Speaker_vod__c.Can_Generate_Contract__c","0PS3E0000000FeyWAE","TRUE","TRUE","EM_Event_Speaker_vod__c","invalid cross reference id"
"EM_Event_Speaker_vod__c.Ariba_SOW_Number_HCPTS__c","0PS3E0000000FeyWAE","TRUE","TRUE","EM_Event_Speaker_vod__c","invalid cross reference id"
"EM_Event_Speaker_vod__c.Total_Contract_Value__c","0PS3E0000000FeyWAE","FALSE","TRUE","EM_Event_Speaker_vod__c","invalid cross reference id"
"EM_Event_Speaker_vod__c.Provider_Type_Formula_HCPTS__c","0PS3E0000000FeyWAE","FALSE","TRUE","EM_Event_Speaker_vod__c","invalid cross reference id"
"EM_Event_Speaker_vod__c.Contract_Language_HCPTS__c","0PS3E0000000FeyWAE","TRUE","TRUE","EM_Event_Speaker_vod__c","invalid cross reference id"
"EM_Event_Speaker_vod__c.Contract_Format_HCPTS__c","0PS3E0000000FeyWAE","TRUE","TRUE","EM_Event_Speaker_vod__c","invalid cross reference id"
"EM_Event_Speaker_vod__c.Last_Modified_By_HCPTS__c","0PS3E0000000FeyWAE","FALSE","TRUE","EM_Event_Speaker_vod__c","invalid cross reference id"
"EM_Event_Speaker_vod__c.Created_By_HCTPS__c","0PS3E0000000FeyWAE","FALSE","TRUE","EM_Event_Speaker_vod__c","invalid cross reference id"
"EM_Event_Speaker_vod__c.Entity_Reference_Id_vod__c","0PS3E0000000FeyWAE","TRUE","TRUE","EM_Event_Speaker_vod__c","invalid cross reference id"
"EM_Event_Speaker_vod__c.Override_Lock_vod__c","0PS3E0000000FeyWAE","TRUE","TRUE","EM_Event_Speaker_vod__c","invalid cross reference id"
"EM_Event_Team_Member_vod__c.Email_vod__c","0PS3E0000000FeyWAE","TRUE","TRUE","EM_Event_Team_Member_vod__c","invalid cross reference id"
"EM_Event_Team_Member_vod__c.External_ID_vod__c","0PS3E0000000FeyWAE","TRUE","TRUE","EM_Event_Team_Member_vod__c","invalid cross reference id"
"EM_Event_Team_Member_vod__c.Phone_Number_vod__c","0PS3E0000000FeyWAE","TRUE","TRUE","EM_Event_Team_Member_vod__c","invalid cross reference id"
"EM_Event_Team_Member_vod__c.Role_vod__c","0PS3E0000000FeyWAE","TRUE","TRUE","EM_Event_Team_Member_vod__c","invalid cross reference id"
"EM_Event_Team_Member_vod__c.Team_Member_vod__c","0PS3E0000000FeyWAE","TRUE","TRUE","EM_Event_Team_Member_vod__c","invalid cross reference id"
"EM_Event_Team_Member_vod__c.Mobile_ID_vod__c","0PS3E0000000FeyWAE","TRUE","TRUE","EM_Event_Team_Member_vod__c","invalid cross reference id"
"EM_Event_Team_Member_vod__c.Country_HCPTS__c","0PS3E0000000FeyWAE","FALSE","TRUE","EM_Event_Team_Member_vod__c","invalid cross reference id"
"EM_Event_Team_Member_vod__c.Email_HCPTS__c","0PS3E0000000FeyWAE","FALSE","TRUE","EM_Event_Team_Member_vod__c","invalid cross reference id"
"EM_Event_Team_Member_vod__c.Phone_HCPTS__c","0PS3E0000000FeyWAE","FALSE","TRUE","EM_Event_Team_Member_vod__c","invalid cross reference id"
"EM_Event_Team_Member_vod__c.Group_Name_vod__c","0PS3E0000000FeyWAE","TRUE","TRUE","EM_Event_Team_Member_vod__c","invalid cross reference id"
"EM_Event_Team_Member_vod__c.Last_Modified_By_HCPTS__c","0PS3E0000000FeyWAE","FALSE","TRUE","EM_Event_Team_Member_vod__c","invalid cross reference id"
"EM_Event_Team_Member_vod__c.Created_By_HCTPS__c","0PS3E0000000FeyWAE","FALSE","TRUE","EM_Event_Team_Member_vod__c","invalid cross reference id"
"EM_Event_Team_Member_vod__c.Override_Lock_vod__c","0PS3E0000000FeyWAE","TRUE","TRUE","EM_Event_Team_Member_vod__c","invalid cross reference id"
"EM_Event_vod__c.Attendee_Reconciliation_Complete_vod__c","0PS3E0000000FeyWAE","TRUE","TRUE","EM_Event_vod__c","invalid cross reference id"
"EM_Event_vod__c.Event_Display_Name_vod__c","0PS3E0000000FeyWAE","TRUE","TRUE","EM_Event_vod__c","invalid cross reference id"
"EM_Event_vod__c.Walk_In_Count_vod__c","0PS3E0000000FeyWAE","TRUE","TRUE","EM_Event_vod__c","invalid cross reference id"
"EM_Event_vod__c.Walk_In_Fields_vod__c","0PS3E0000000FeyWAE","TRUE","TRUE","EM_Event_vod__c","invalid cross reference id"
"EM_Event_vod__c.Disclaimer_SRP_HCPTS__c","0PS3E0000000FeyWAE","TRUE","TRUE","EM_Event_vod__c","invalid cross reference id"
"EM_Event_vod__c.HCO_HCPTS__c","0PS3E0000000FeyWAE","TRUE","TRUE","EM_Event_vod__c","invalid cross reference id"
"EM_Event_vod__c.HCO_Address_HCPTS__c","0PS3E0000000FeyWAE","TRUE","TRUE","EM_Event_vod__c","invalid cross reference id"
"EM_Event_vod__c.Sign_In_Sheet__c","0PS3E0000000FeyWAE","FALSE","TRUE","EM_Event_vod__c","invalid cross reference id"
"EM_Event_vod__c.Additional_Venue_Details_HCPTS__c","0PS3E0000000FeyWAE","TRUE","TRUE","EM_Event_vod__c","invalid cross reference id"
"EM_Event_vod__c.Age_HCPTS__c","0PS3E0000000FeyWAE","FALSE","TRUE","EM_Event_vod__c","invalid cross reference id"
"EM_Event_vod__c.Duration_of_Event_In_Hours_HCPTS__c","0PS3E0000000FeyWAE","FALSE","TRUE","EM_Event_vod__c","invalid cross reference id"
"EM_Event_vod__c.Food_and_Beverage_HCPTS__c","0PS3E0000000FeyWAE","TRUE","TRUE","EM_Event_vod__c","invalid cross reference id"
"EM_Event_vod__c.Ground_Transportation_HCPTS__c","0PS3E0000000FeyWAE","TRUE","TRUE","EM_Event_vod__c","invalid cross reference id"
"EM_Event_vod__c.Is_Joint_Venture_Activity_HCPTS__c","0PS3E0000000FeyWAE","TRUE","TRUE","EM_Event_vod__c","invalid cross reference id"
"EM_Event_vod__c.Is_On_Weekend__c","0PS3E0000000FeyWAE","FALSE","TRUE","EM_Event_vod__c","invalid cross reference id"
"EM_Event_vod__c.Meeting_Rooms_HCPTS__c","0PS3E0000000FeyWAE","TRUE","TRUE","EM_Event_vod__c","invalid cross reference id"
"EM_Event_vod__c.Starcite_Request_Status__c","0PS3E0000000FeyWAE","TRUE","TRUE","EM_Event_vod__c","invalid cross reference id"
"EM_Event_vod__c.Travel_Accomodations_HCPTS__c","0PS3E0000000FeyWAE","TRUE","TRUE","EM_Event_vod__c","invalid cross reference id"
"EM_Event_vod__c.Created_By_Formula_HCPTS__c","0PS3E0000000FeyWAE","FALSE","TRUE","EM_Event_vod__c","invalid cross reference id"
"EM_Event_vod__c.Actual_Attendance_vod__c","0PS3E0000000FeyWAE","TRUE","TRUE","EM_Event_vod__c","invalid cross reference id"
"EM_Event_vod__c.Actual_Cost_vod__c","0PS3E0000000FeyWAE","TRUE","TRUE","EM_Event_vod__c","invalid cross reference id"
"EM_Event_vod__c.Actual_Meal_Cost_Per_Person_vod__c","0PS3E0000000FeyWAE","TRUE","TRUE","EM_Event_vod__c","invalid cross reference id"
"EM_Event_vod__c.Attendees_Requesting_Meals_vod__c","0PS3E0000000FeyWAE","TRUE","TRUE","EM_Event_vod__c","invalid cross reference id"
"EM_Event_vod__c.Attendees_With_Meals_vod__c","0PS3E0000000FeyWAE","TRUE","TRUE","EM_Event_vod__c","invalid cross reference id"
"EM_Event_vod__c.City_vod__c","0PS3E0000000FeyWAE","TRUE","TRUE","EM_Event_vod__c","invalid cross reference id"
"EM_Event_vod__c.Committed_Cost_vod__c","0PS3E0000000FeyWAE","TRUE","TRUE","EM_Event_vod__c","invalid cross reference id"
"EM_Event_vod__c.Country_vod__c","0PS3E0000000FeyWAE","TRUE","TRUE","EM_Event_vod__c","invalid cross reference id"
"EM_Event_vod__c.Description_vod__c","0PS3E0000000FeyWAE","TRUE","TRUE","EM_Event_vod__c","invalid cross reference id"
"EM_Event_vod__c.End_Time_vod__c","0PS3E0000000FeyWAE","TRUE","TRUE","EM_Event_vod__c","invalid cross reference id"
"EM_Event_vod__c.Estimated_Attendance_vod__c","0PS3E0000000FeyWAE","TRUE","TRUE","EM_Event_vod__c","invalid cross reference id"
"EM_Event_vod__c.Estimated_Cost_vod__c","0PS3E0000000FeyWAE","TRUE","TRUE","EM_Event_vod__c","invalid cross reference id"
"EM_Event_vod__c.External_ID_vod__c","0PS3E0000000FeyWAE","TRUE","TRUE","EM_Event_vod__c","invalid cross reference id"
"EM_Event_vod__c.HCPs_With_Meals_vod__c","0PS3E0000000FeyWAE","TRUE","TRUE","EM_Event_vod__c","invalid cross reference id"
"EM_Event_vod__c.Invited_Attendees_vod__c","0PS3E0000000FeyWAE","TRUE","TRUE","EM_Event_vod__c","invalid cross reference id"
"EM_Event_vod__c.Last_Comment_vod__c","0PS3E0000000FeyWAE","TRUE","TRUE","EM_Event_vod__c","invalid cross reference id"
"EM_Event_vod__c.Location_Address_Line_2_vod__c","0PS3E0000000FeyWAE","TRUE","TRUE","EM_Event_vod__c","invalid cross reference id"
"EM_Event_vod__c.Location_Address_vod__c","0PS3E0000000FeyWAE","TRUE","TRUE","EM_Event_vod__c","invalid cross reference id"
"EM_Event_vod__c.Location_vod__c","0PS3E0000000FeyWAE","TRUE","TRUE","EM_Event_vod__c","invalid cross reference id"
"EM_Event_vod__c.Lock_vod__c","0PS3E0000000FeyWAE","TRUE","TRUE","EM_Event_vod__c","invalid cross reference id"
"EM_Event_vod__c.Override_Lock_vod__c","0PS3E0000000FeyWAE","TRUE","TRUE","EM_Event_vod__c","invalid cross reference id"
"EM_Event_vod__c.Parent_Event_vod__c","0PS3E0000000FeyWAE","TRUE","TRUE","EM_Event_vod__c","invalid cross reference id"
"EM_Event_vod__c.Postal_Code_vod__c","0PS3E0000000FeyWAE","TRUE","TRUE","EM_Event_vod__c","invalid cross reference id"
"EM_Event_vod__c.Start_Time_vod__c","0PS3E0000000FeyWAE","TRUE","TRUE","EM_Event_vod__c","invalid cross reference id"
"EM_Event_vod__c.State_Province_vod__c","0PS3E0000000FeyWAE","TRUE","TRUE","EM_Event_vod__c","invalid cross reference id"
"EM_Event_vod__c.Status_vod__c","0PS3E0000000FeyWAE","TRUE","TRUE","EM_Event_vod__c","invalid cross reference id"
"EM_Event_vod__c.Stub_Mobile_Id_vod__c","0PS3E0000000FeyWAE","TRUE","TRUE","EM_Event_vod__c","invalid cross reference id"
"EM_Event_vod__c.Stub_SFDC_Id_vod__c","0PS3E0000000FeyWAE","TRUE","TRUE","EM_Event_vod__c","invalid cross reference id"
"EM_Event_vod__c.Vendor_vod__c","0PS3E0000000FeyWAE","TRUE","TRUE","EM_Event_vod__c","invalid cross reference id"
"EM_Event_vod__c.Venue_vod__c","0PS3E0000000FeyWAE","TRUE","TRUE","EM_Event_vod__c","invalid cross reference id"
"EM_Event_vod__c.zvod_Event_Layout_vod__c","0PS3E0000000FeyWAE","TRUE","TRUE","EM_Event_vod__c","invalid cross reference id"
"EM_Event_vod__c.Need_ID__c","0PS3E0000000FeyWAE","TRUE","TRUE","EM_Event_vod__c","invalid cross reference id"
"EM_Event_vod__c.Start_Date_HCPTS__c","0PS3E0000000FeyWAE","TRUE","TRUE","EM_Event_vod__c","invalid cross reference id"
"EM_Event_vod__c.End_Date_HCPTS__c","0PS3E0000000FeyWAE","TRUE","TRUE","EM_Event_vod__c","invalid cross reference id"
"EM_Event_vod__c.Activity_Format_HCPTS__c","0PS3E0000000FeyWAE","TRUE","TRUE","EM_Event_vod__c","invalid cross reference id"
"EM_Event_vod__c.Activity_Id_HCPTS__c","0PS3E0000000FeyWAE","FALSE","TRUE","EM_Event_vod__c","invalid cross reference id"
"EM_Event_vod__c.Activity_Type_Formula_HCPTS__c","0PS3E0000000FeyWAE","FALSE","TRUE","EM_Event_vod__c","invalid cross reference id"
"EM_Event_vod__c.Phase_HCPTS__c","0PS3E0000000FeyWAE","TRUE","TRUE","EM_Event_vod__c","invalid cross reference id"
"EM_Event_vod__c.Topic_vod__c","0PS3E0000000FeyWAE","TRUE","TRUE","EM_Event_vod__c","invalid cross reference id"
"EM_Event_vod__c.Event_Configuration_vod__c","0PS3E0000000FeyWAE","TRUE","TRUE","EM_Event_vod__c","invalid cross reference id"
"EM_Event_vod__c.Mobile_ID_vod__c","0PS3E0000000FeyWAE","TRUE","TRUE","EM_Event_vod__c","invalid cross reference id"
"EM_Event_vod__c.Checklist_Complete_HCPTS__c","0PS3E0000000FeyWAE","TRUE","TRUE","EM_Event_vod__c","invalid cross reference id"
"EM_Event_vod__c.Logistics_Information_HCPTS__c","0PS3E0000000FeyWAE","TRUE","TRUE","EM_Event_vod__c","invalid cross reference id"
"EM_Event_vod__c.Need_Definition_HCPTS__c","0PS3E0000000FeyWAE","TRUE","TRUE","EM_Event_vod__c","invalid cross reference id"
"EM_Event_vod__c.Product_HCPTS__c","0PS3E0000000FeyWAE","TRUE","TRUE","EM_Event_vod__c","invalid cross reference id"
"EM_Event_vod__c.Promotional_HCPTS__c","0PS3E0000000FeyWAE","TRUE","TRUE","EM_Event_vod__c","invalid cross reference id"
"EM_Event_vod__c.Start_Date_Formula_HCPTS__c","0PS3E0000000FeyWAE","FALSE","TRUE","EM_Event_vod__c","invalid cross reference id"
"EM_Event_vod__c.Certifier_Formula_HCPTS__c","0PS3E0000000FeyWAE","TRUE","TRUE","EM_Event_vod__c","invalid cross reference id"
"EM_Event_vod__c.Activity_ID_2_HCPTS__c","0PS3E0000000FeyWAE","TRUE","TRUE","EM_Event_vod__c","invalid cross reference id"
"EM_Event_vod__c.Inherited_Budget_Need_HCPTS__c","0PS3E0000000FeyWAE","TRUE","TRUE","EM_Event_vod__c","invalid cross reference id"
"EM_Event_vod__c.Starcite_ID_HCPTS__c","0PS3E0000000FeyWAE","TRUE","TRUE","EM_Event_vod__c","invalid cross reference id"
"EM_Event_vod__c.Amex_Support_Needed_HCPTS__c","0PS3E0000000FeyWAE","TRUE","TRUE","EM_Event_vod__c","invalid cross reference id"
"EM_Event_vod__c.Audio_Visual_Support_HCPTS__c","0PS3E0000000FeyWAE","TRUE","TRUE","EM_Event_vod__c","invalid cross reference id"
"EM_Event_vod__c.Venue_Support_HCPTS__c","0PS3E0000000FeyWAE","TRUE","TRUE","EM_Event_vod__c","invalid cross reference id"
"EM_Event_vod__c.Full_Location_HCPTS__c","0PS3E0000000FeyWAE","FALSE","TRUE","EM_Event_vod__c","invalid cross reference id"
"EM_Event_vod__c.Meeting_Attendee_Sheet__c","0PS3E0000000FeyWAE","FALSE","TRUE","EM_Event_vod__c","invalid cross reference id"
"EM_Event_vod__c.Generate_Invite__c","0PS3E0000000FeyWAE","FALSE","TRUE","EM_Event_vod__c","invalid cross reference id"
"EM_Event_vod__c.Sign_In_Sheet_HCPTS__c","0PS3E0000000FeyWAE","FALSE","TRUE","EM_Event_vod__c","invalid cross reference id"
"EM_Event_vod__c.Processor_HCPTS__c","0PS3E0000000FeyWAE","TRUE","TRUE","EM_Event_vod__c","invalid cross reference id"
"EM_Event_vod__c.Processor_Phone_HCPTS__c","0PS3E0000000FeyWAE","TRUE","TRUE","EM_Event_vod__c","invalid cross reference id"
"EM_Event_vod__c.Processor_Country_HCPTS__c","0PS3E0000000FeyWAE","TRUE","TRUE","EM_Event_vod__c","invalid cross reference id"
"EM_Event_vod__c.Processor_Email_HCPTS__c","0PS3E0000000FeyWAE","TRUE","TRUE","EM_Event_vod__c","invalid cross reference id"
"EM_Event_vod__c.Send_Activity_Details_Report_Email__c","0PS3E0000000FeyWAE","FALSE","TRUE","EM_Event_vod__c","invalid cross reference id"
"EM_Event_vod__c.Subtype_HCPTS__c","0PS3E0000000FeyWAE","TRUE","TRUE","EM_Event_vod__c","invalid cross reference id"
"EM_Event_vod__c.Approver_Email_HCPTS__c","0PS3E0000000FeyWAE","TRUE","TRUE","EM_Event_vod__c","invalid cross reference id"
"EM_Event_vod__c.Before_during_or_after_a_Congress__c","0PS3E0000000FeyWAE","TRUE","TRUE","EM_Event_vod__c","invalid cross reference id"
"EM_Event_vod__c.Congress_Names_HCPTS__c","0PS3E0000000FeyWAE","TRUE","TRUE","EM_Event_vod__c","invalid cross reference id"
"EM_Event_vod__c.Starcite_Id_2_HCPTS__c","0PS3E0000000FeyWAE","TRUE","TRUE","EM_Event_vod__c","invalid cross reference id"
"EM_Event_vod__c.Contact_Attendee_Fields_vod__c","0PS3E0000000FeyWAE","TRUE","TRUE","EM_Event_vod__c","invalid cross reference id"
"EM_Event_vod__c.User_Attendee_Fields_vod__c","0PS3E0000000FeyWAE","TRUE","TRUE","EM_Event_vod__c","invalid cross reference id"
"EM_Event_vod__c.KOL_External_Id_vod__c","0PS3E0000000FeyWAE","TRUE","TRUE","EM_Event_vod__c","invalid cross reference id"
"EM_Event_vod__c.Sponsor_vod__c","0PS3E0000000FeyWAE","TRUE","TRUE","EM_Event_vod__c","invalid cross reference id"
"EM_Event_vod__c.Web_Source_vod__c","0PS3E0000000FeyWAE","TRUE","TRUE","EM_Event_vod__c","invalid cross reference id"
"EM_Event_vod__c.Activity_Status_HCPTS__c","0PS3E0000000FeyWAE","TRUE","TRUE","EM_Event_vod__c","invalid cross reference id"
"EM_Event_vod__c.Approver_ID_HCPTS__c","0PS3E0000000FeyWAE","TRUE","TRUE","EM_Event_vod__c","invalid cross reference id"
"EM_Event_vod__c.Last_Modified_By__c","0PS3E0000000FeyWAE","FALSE","TRUE","EM_Event_vod__c","invalid cross reference id"
"EM_Event_vod__c.Created_By__c","0PS3E0000000FeyWAE","FALSE","TRUE","EM_Event_vod__c","invalid cross reference id"
"EM_Event_vod__c.Inherit_Expense_Esimates__c","0PS3E0000000FeyWAE","FALSE","TRUE","EM_Event_vod__c","invalid cross reference id"
"EM_Event_vod__c.Account_Attendee_Fields_vod__c","0PS3E0000000FeyWAE","TRUE","TRUE","EM_Event_vod__c","invalid cross reference id"
"EM_Event_vod__c.Online_Registrant_Count_vod__c","0PS3E0000000FeyWAE","TRUE","TRUE","EM_Event_vod__c","invalid cross reference id"
"EM_Event_vod__c.Online_Registration_Fields_vod__c","0PS3E0000000FeyWAE","TRUE","TRUE","EM_Event_vod__c","invalid cross reference id"
"EM_Event_vod__c.Date_Put_In_Processor_Review__c","0PS3E0000000FeyWAE","TRUE","TRUE","EM_Event_vod__c","invalid cross reference id"
"EM_Event_vod__c.Days_In_Processor_Review__c","0PS3E0000000FeyWAE","FALSE","TRUE","EM_Event_vod__c","invalid cross reference id"
"EM_Expense_Estimate_vod__c.Actual_vod__c","0PS3E0000000FeyWAE","TRUE","TRUE","EM_Expense_Estimate_vod__c","invalid cross reference id"
"EM_Expense_Estimate_vod__c.Committed_vod__c","0PS3E0000000FeyWAE","TRUE","TRUE","EM_Expense_Estimate_vod__c","invalid cross reference id"
"EM_Expense_Estimate_vod__c.Estimate_vod__c","0PS3E0000000FeyWAE","TRUE","TRUE","EM_Expense_Estimate_vod__c","invalid cross reference id"
"EM_Expense_Estimate_vod__c.Event_Budget_vod__c","0PS3E0000000FeyWAE","TRUE","TRUE","EM_Expense_Estimate_vod__c","invalid cross reference id"
"EM_Expense_Estimate_vod__c.Event_Canceled_vod__c","0PS3E0000000FeyWAE","TRUE","TRUE","EM_Expense_Estimate_vod__c","invalid cross reference id"
"EM_Expense_Estimate_vod__c.Expense_Type_Code_vod__c","0PS3E0000000FeyWAE","TRUE","TRUE","EM_Expense_Estimate_vod__c","invalid cross reference id"
"EM_Expense_Estimate_vod__c.Expense_Type_Name_vod__c","0PS3E0000000FeyWAE","TRUE","TRUE","EM_Expense_Estimate_vod__c","invalid cross reference id"
"EM_Expense_Estimate_vod__c.Expense_Type_vod__c","0PS3E0000000FeyWAE","TRUE","TRUE","EM_Expense_Estimate_vod__c","invalid cross reference id"
"EM_Expense_Estimate_vod__c.External_ID_vod__c","0PS3E0000000FeyWAE","TRUE","TRUE","EM_Expense_Estimate_vod__c","invalid cross reference id"
"EM_Expense_Estimate_vod__c.Parent_Expense_Type_Code_vod__c","0PS3E0000000FeyWAE","TRUE","TRUE","EM_Expense_Estimate_vod__c","invalid cross reference id"
"EM_Expense_Estimate_vod__c.Parent_Expense_Type_Name_vod__c","0PS3E0000000FeyWAE","TRUE","TRUE","EM_Expense_Estimate_vod__c","invalid cross reference id"
"EM_Expense_Estimate_vod__c.zvod_Expense_Type_vod__c","0PS3E0000000FeyWAE","TRUE","TRUE","EM_Expense_Estimate_vod__c","invalid cross reference id"
"EM_Expense_Estimate_vod__c.Mobile_ID_vod__c","0PS3E0000000FeyWAE","TRUE","TRUE","EM_Expense_Estimate_vod__c","invalid cross reference id"
"EM_Expense_Estimate_vod__c.Last_Modified_By_HCPTS__c","0PS3E0000000FeyWAE","FALSE","TRUE","EM_Expense_Estimate_vod__c","invalid cross reference id"
"EM_Expense_Estimate_vod__c.Created_By_HCTPS__c","0PS3E0000000FeyWAE","FALSE","TRUE","EM_Expense_Estimate_vod__c","invalid cross reference id"
"EM_Expense_Estimate_vod__c.Override_Lock_vod__c","0PS3E0000000FeyWAE","TRUE","TRUE","EM_Expense_Estimate_vod__c","invalid cross reference id"
"EM_Speaker_vod__c.Credentials_vod__c","0PS3E0000000FeyWAE","TRUE","TRUE","EM_Speaker_vod__c","invalid cross reference id"
"EM_Speaker_vod__c.First_Name_vod__c","0PS3E0000000FeyWAE","TRUE","TRUE","EM_Speaker_vod__c","invalid cross reference id"
