ID,SPARENTID,PARENTID,SOBJECTTYPE,FIELD,PERMISSIONSEDIT,PERMISSIONSREAD
01k3E0000090IfmQAE,0PS3E0000000FluWAE,0PS5E000000Cm8R,Address_vod__c,Address_vod__c.Role_BMS_EMEA__c,TRUE,TRUE
01k3E0000090IfrQAE,0PS3E0000000FluWAE,0PS5E000000Cm8R,Address_vod__c,Address_vod__c.Role_formula_BMS_EMEA__c,FALSE,TRUE
01k3E0000090IfwQAE,0PS3E0000000FluWAE,0PS5E000000Cm8R,Address_vod__c,Address_vod__c.State_BMS_EMEA__c,TRUE,TRUE
01k3E0000090IfxQAE,0PS3E0000000FluWAE,0PS5E000000Cm8R,Address_vod__c,Address_vod__c.State_formula_BMS_EMEA__c,FALSE,TRUE
01k3E0000090Ig1QAE,0PS3E0000000FluWAE,0PS5E000000Cm8R,Address_vod__c,Address_vod__c.CDS_Status_vod__c,TRUE,TRUE
01k3E0000090Ig6QAE,0PS3E0000000FluWAE,0PS5E000000Cm8R,Address_vod__c,Address_vod__c.Building_Name_BMS_EMEA__c,TRUE,TRUE
01k3E0000090IgBQAU,0PS3E0000000FluWAE,0PS5E000000Cm8R,Address_vod__c,Address_vod__c.Region_BMS_EMEA__c,TRUE,TRUE
01k3E0000090IgGQAU,0PS3E0000000FluWAE,0PS5E000000Cm8R,Address_vod__c,Address_vod__c.Status_BMS__c,TRUE,TRUE
01k3E0000090IgLQAU,0PS3E0000000FluWAE,0PS5E000000Cm8R,Address_vod__c,Address_vod__c.Concatenated_Address_BMS__c,TRUE,TRUE
01k3E0000090IgQQAU,0PS3E0000000FluWAE,0PS5E000000Cm8R,Address_vod__c,Address_vod__c.Address_line_2_vod__c,TRUE,TRUE
01k3E0000090IgVQAU,0PS3E0000000FluWAE,0PS5E000000Cm8R,Address_vod__c,Address_vod__c.City_vod__c,TRUE,TRUE
01k3E0000090IgaQAE,0PS3E0000000FluWAE,0PS5E000000Cm8R,Address_vod__c,Address_vod__c.Fax_vod__c,TRUE,TRUE
01k3E0000090IgfQAE,0PS3E0000000FluWAE,0PS5E000000Cm8R,Address_vod__c,Address_vod__c.Map_vod__c,FALSE,TRUE
01k3E0000090IgkQAE,0PS3E0000000FluWAE,0PS5E000000Cm8R,Address_vod__c,Address_vod__c.Phone_vod__c,TRUE,TRUE
01k3E0000090IgpQAE,0PS3E0000000FluWAE,0PS5E000000Cm8R,Address_vod__c,Address_vod__c.Comment_vod__c,TRUE,TRUE
01k3E0000090IguQAE,0PS3E0000000FluWAE,0PS5E000000Cm8R,Address_vod__c,Address_vod__c.Primary_vod__c,TRUE,TRUE
01k3E0000090IgzQAE,0PS3E0000000FluWAE,0PS5E000000Cm8R,Address_vod__c,Address_vod__c.Staff_notes_vod__c,TRUE,TRUE
01k3E0000090Ih4QAE,0PS3E0000000FluWAE,0PS5E000000Cm8R,Address_vod__c,Address_vod__c.Appt_Required_vod__c,TRUE,TRUE
01k3E0000090Ih9QAE,0PS3E0000000FluWAE,0PS5E000000Cm8R,Address_vod__c,Address_vod__c.Office_Notes_vod__c,TRUE,TRUE
01k3E0000090IhEQAU,0PS3E0000000FluWAE,0PS5E000000Cm8R,Address_vod__c,Address_vod__c.Zip_4_vod__c,TRUE,TRUE
01k3E0000090IhJQAU,0PS3E0000000FluWAE,0PS5E000000Cm8R,Address_vod__c,Address_vod__c.Phone_2_vod__c,TRUE,TRUE
01k3E0000090IglQAE,0PS3E0000000FluWAE,0PS5E000000Cm8R,Address_vod__c,Address_vod__c.Fax_2_vod__c,TRUE,TRUE
01k3E0000090IhOQAU,0PS3E0000000FluWAE,0PS5E000000Cm8R,Address_vod__c,Address_vod__c.State_vod__c,TRUE,TRUE
01k3E0000090Ih5QAE,0PS3E0000000FluWAE,0PS5E000000Cm8R,Address_vod__c,Address_vod__c.Zip_vod__c,TRUE,TRUE
01k3E0000090IhTQAU,0PS3E0000000FluWAE,0PS5E000000Cm8R,Address_vod__c,Address_vod__c.Best_Times_vod__c,TRUE,TRUE
01k3E0000090IhYQAU,0PS3E0000000FluWAE,0PS5E000000Cm8R,Address_vod__c,Address_vod__c.Source_vod__c,TRUE,TRUE
01k3E0000090IhdQAE,0PS3E0000000FluWAE,0PS5E000000Cm8R,Address_vod__c,Address_vod__c.Business_vod__c,TRUE,TRUE
01k3E0000090IhAQAU,0PS3E0000000FluWAE,0PS5E000000Cm8R,Address_vod__c,Address_vod__c.Mailing_vod__c,TRUE,TRUE
01k3E0000090IgqQAE,0PS3E0000000FluWAE,0PS5E000000Cm8R,Address_vod__c,Address_vod__c.Billing_vod__c,TRUE,TRUE
01k3E0000090IhBQAU,0PS3E0000000FluWAE,0PS5E000000Cm8R,Address_vod__c,Address_vod__c.Home_vod__c,TRUE,TRUE
01k3E0000090IhiQAE,0PS3E0000000FluWAE,0PS5E000000Cm8R,Address_vod__c,Address_vod__c.Shipping_vod__c,TRUE,TRUE
01k3E0000090IhnQAE,0PS3E0000000FluWAE,0PS5E000000Cm8R,Address_vod__c,Address_vod__c.Latitude_vod__c,TRUE,TRUE
01k3E0000090IhsQAE,0PS3E0000000FluWAE,0PS5E000000Cm8R,Address_vod__c,Address_vod__c.Longitude_vod__c,TRUE,TRUE
01k3E0000090IhFQAU,0PS3E0000000FluWAE,0PS5E000000Cm8R,Address_vod__c,Address_vod__c.External_ID_vod__c,TRUE,TRUE
01k3E0000090IhxQAE,0PS3E0000000FluWAE,0PS5E000000Cm8R,Address_vod__c,Address_vod__c.DEA_vod__c,TRUE,TRUE
01k3E0000090Ii2QAE,0PS3E0000000FluWAE,0PS5E000000Cm8R,Address_vod__c,Address_vod__c.Sample_Status_vod__c,FALSE,TRUE
01k3E0000090IhtQAE,0PS3E0000000FluWAE,0PS5E000000Cm8R,Address_vod__c,Address_vod__c.DEA_Expiration_Date_vod__c,TRUE,TRUE
01k3E0000090Ii7QAE,0PS3E0000000FluWAE,0PS5E000000Cm8R,Address_vod__c,Address_vod__c.DEA_License_Address_vod__c,TRUE,TRUE
01k3E0000090IiCQAU,0PS3E0000000FluWAE,0PS5E000000Cm8R,Address_vod__c,Address_vod__c.License_vod__c,TRUE,TRUE
01k3E0000090IiHQAU,0PS3E0000000FluWAE,0PS5E000000Cm8R,Address_vod__c,Address_vod__c.License_Expiration_Date_vod__c,TRUE,TRUE
01k3E0000090Ii8QAE,0PS3E0000000FluWAE,0PS5E000000Cm8R,Address_vod__c,Address_vod__c.License_Status_vod__c,TRUE,TRUE
01k3E0000090IiMQAU,0PS3E0000000FluWAE,0PS5E000000Cm8R,Address_vod__c,Address_vod__c.License_Valid_To_Sample_vod__c,FALSE,TRUE
01k3E0000090IhyQAE,0PS3E0000000FluWAE,0PS5E000000Cm8R,Address_vod__c,Address_vod__c.Include_in_Territory_Assignment_vod__c,TRUE,TRUE
01k3E0000090IiRQAU,0PS3E0000000FluWAE,0PS5E000000Cm8R,Address_vod__c,Address_vod__c.Mobile_ID_vod__c,TRUE,TRUE
01k3E0000090IfyQAE,0PS3E0000000FluWAE,0PS5E000000Cm8R,Address_vod__c,Address_vod__c.Inactive_vod__c,TRUE,TRUE
01k3E0000090IiSQAU,0PS3E0000000FluWAE,0PS5E000000Cm8R,Address_vod__c,Address_vod__c.Lock_vod__c,TRUE,TRUE
01k3E0000090IhGQAU,0PS3E0000000FluWAE,0PS5E000000Cm8R,Address_vod__c,Address_vod__c.Country_vod__c,TRUE,TRUE
01k3E0000090IhHQAU,0PS3E0000000FluWAE,0PS5E000000Cm8R,Address_vod__c,Address_vod__c.Brick_vod__c,TRUE,TRUE
01k3E0000090IiIQAU,0PS3E0000000FluWAE,0PS5E000000Cm8R,Address_vod__c,Address_vod__c.ASSMCA_vod__c,TRUE,TRUE
01k3E0000090IiWQAU,0PS3E0000000FluWAE,0PS5E000000Cm8R,Address_vod__c,Address_vod__c.DEA_Address_vod__c,TRUE,TRUE
01k3E0000090IgrQAE,0PS3E0000000FluWAE,0PS5E000000Cm8R,Address_vod__c,Address_vod__c.DEA_Schedule_vod__c,TRUE,TRUE
01k3E0000090IiJQAU,0PS3E0000000FluWAE,0PS5E000000Cm8R,Address_vod__c,Address_vod__c.DEA_Status_vod__c,TRUE,TRUE
01k3E0000090IibQAE,0PS3E0000000FluWAE,0PS5E000000Cm8R,Address_vod__c,Address_vod__c.Entity_Reference_Id_vod__c,TRUE,TRUE
01k3E0000090IigQAE,0PS3E0000000FluWAE,0PS5E000000Cm8R,Address_vod__c,Address_vod__c.Controlling_Address_vod__c,TRUE,TRUE
01k3E0000090IilQAE,0PS3E0000000FluWAE,0PS5E000000Cm8R,Address_vod__c,Address_vod__c.Controlled_Address_vod__c,TRUE,TRUE
01k3E0000090IgCQAU,0PS3E0000000FluWAE,0PS5E000000Cm8R,Address_vod__c,Address_vod__c.No_Address_Copy_vod__c,TRUE,TRUE
01k3E0000090IhzQAE,0PS3E0000000FluWAE,0PS5E000000Cm8R,Address_vod__c,Address_vod__c.Office_BMS__c,TRUE,TRUE
01k3E0000090IiqQAE,0PS3E0000000FluWAE,0PS5E000000Cm8R,Address_vod__c,Address_vod__c.Allow_Luncheon_BMS__c,TRUE,TRUE
01k3E0000090IiDQAU,0PS3E0000000FluWAE,0PS5E000000Cm8R,Address_vod__c,Address_vod__c.Flagged_for_Delete_On_BMS__c,TRUE,TRUE
01k3E0000090IivQAE,0PS3E0000000FluWAE,0PS5E000000Cm8R,Address_vod__c,Address_vod__c.Sample_Send_Status_vod__c,TRUE,TRUE
01k3E0000090IgvQAE,0PS3E0000000FluWAE,0PS5E000000Cm8R,Address_vod__c,Address_vod__c.ADDRESS_LINE_3_BMS__c,TRUE,TRUE
01k3E0000090IhZQAU,0PS3E0000000FluWAE,0PS5E000000Cm8R,Address_vod__c,Address_vod__c.Address_Source_Country_BMS_CORE__c,TRUE,TRUE
01k3E0000090Ij0QAE,0PS3E0000000FluWAE,0PS5E000000Cm8R,Address_vod__c,Address_vod__c.Address_Status_BMS_CORE__c,TRUE,TRUE
01k3E0000090IgWQAU,0PS3E0000000FluWAE,0PS5E000000Cm8R,Address_vod__c,Address_vod__c.Address_Type_BMS_CORE__c,TRUE,TRUE
01k3E0000090Ij5QAE,0PS3E0000000FluWAE,0PS5E000000Cm8R,Address_vod__c,Address_vod__c.Contact_Name_BMS_CA__c,TRUE,TRUE
01k3E0000090IgwQAE,0PS3E0000000FluWAE,0PS5E000000Cm8R,Address_vod__c,Address_vod__c.Contact_Title_BMS_CA__c,TRUE,TRUE
01k3E0000090IfnQAE,0PS3E0000000FluWAE,0PS5E000000Cm8R,Address_vod__c,Address_vod__c.Form_Expiration_Date_BMS_SHARED__c,TRUE,TRUE
01k3E0000090IjAQAU,0PS3E0000000FluWAE,0PS5E000000Cm8R,Address_vod__c,Address_vod__c.Form_Flag_BMS_SHARED__c,TRUE,TRUE
01k3E0000090IheQAE,0PS3E0000000FluWAE,0PS5E000000Cm8R,Address_vod__c,Address_vod__c.Sample_Authorization_Cert_BMS_SHARED__c,TRUE,TRUE
01k3E0000090IjFQAU,0PS3E0000000FluWAE,0PS5E000000Cm8R,Address_vod__c,Address_vod__c.Sample_Ineligible_BMS_SHARED__c,TRUE,TRUE
01k3E0000090IjGQAU,0PS3E0000000FluWAE,0PS5E000000Cm8R,Address_vod__c,Address_vod__c.Sample_Status_Reason_BMS_SHARED__c,TRUE,TRUE
01k3E0000090IicQAE,0PS3E0000000FluWAE,0PS5E000000Cm8R,Address_vod__c,Address_vod__c.Are_25_of_your_patients_adults_BMS_US__c,TRUE,TRUE
01k3E0000090IjfQAE,0PS3E0000000FluWAE,0PS5E000000Cm8R,Address_vod__c,Address_vod__c.Do_you_accept_samples_BMS_US__c,TRUE,TRUE
01k3E0000090Ig2QAE,0PS3E0000000FluWAE,0PS5E000000Cm8R,Address_vod__c,Address_vod__c.Do_you_have_infusion_capabil_BMS_US__c,TRUE,TRUE
01k3E0000090IjkQAE,0PS3E0000000FluWAE,0PS5E000000Cm8R,Address_vod__c,Address_vod__c.CDS_Expiration_Date_vod__c,TRUE,TRUE
01k3E0000090Ii3QAE,0PS3E0000000FluWAE,0PS5E000000Cm8R,Address_vod__c,Address_vod__c.CDS_vod__c,TRUE,TRUE
01k3E0000090IjpQAE,0PS3E0000000FluWAE,0PS5E000000Cm8R,Address_vod__c,Address_vod__c.License_Expiration_Date_BMS_SHARED__c,TRUE,TRUE
01k3E0000090IjgQAE,0PS3E0000000FluWAE,0PS5E000000Cm8R,Address_vod__c,Address_vod__c.Eligibility_Questions_Updated_Date_BMS__c,TRUE,TRUE
01k3E0000090IjuQAE,0PS3E0000000FluWAE,0PS5E000000Cm8R,Address_vod__c,Address_vod__c.Mini_Brick_BMS_EMEA__c,TRUE,TRUE
01k3E0000090Ih0QAE,0PS3E0000000FluWAE,0PS5E000000Cm8R,Address_vod__c,Address_vod__c.Customer_Master_Status_vod__c,TRUE,TRUE
01k3E0000090IjzQAE,0PS3E0000000FluWAE,0PS5E000000Cm8R,Address_vod__c,Address_vod__c.Network_Sample_Eligibility_vod__c,TRUE,TRUE
01k3E0000090IhaQAE,0PS3E0000000FluWAE,0PS5E000000Cm8R,Address_vod__c,Address_vod__c.Network_ASSMCA_Entity_ID_vod__c,TRUE,TRUE
01k3E0000090Ik4QAE,0PS3E0000000FluWAE,0PS5E000000Cm8R,Address_vod__c,Address_vod__c.Network_CDS_Entity_ID_vod__c,TRUE,TRUE
01k3E0000090Ik9QAE,0PS3E0000000FluWAE,0PS5E000000Cm8R,Address_vod__c,Address_vod__c.Network_DEA_Entity_ID_vod__c,TRUE,TRUE
01k3E0000090IhUQAU,0PS3E0000000FluWAE,0PS5E000000Cm8R,Address_vod__c,Address_vod__c.Network_License_Entity_ID_vod__c,TRUE,TRUE
01k3E0000090IkEQAU,0PS3E0000000FluWAE,0PS5E000000Cm8R,Address_vod__c,Address_vod__c.Address_Visit_Pressure_BMS_EMEA__c,TRUE,TRUE
01k3E0000090IjvQAE,0PS3E0000000FluWAE,0PS5E000000Cm8R,Address_vod__c,Address_vod__c.Master_Align_Id_vod__c,TRUE,TRUE
01k3E0000090IhPQAU,0PS3E0000000FluWAE,0PS5E000000Cm8R,Title_BMS_EMEA__c,Title_BMS_EMEA__c.BMS_Code_BMS_EMEA__c,FALSE,TRUE
01k3E0000090IkJQAU,0PS3E0000000FluWAE,0PS5E000000Cm8R,Title_BMS_EMEA__c,Title_BMS_EMEA__c.CCV_Code_BMS_EMEA__c,FALSE,TRUE
01k3E0000090IkOQAU,0PS3E0000000FluWAE,0PS5E000000Cm8R,Title_BMS_EMEA__c,Title_BMS_EMEA__c.Country_BMS_EMEA__c,FALSE,TRUE
01k3E0000090IiEQAU,0PS3E0000000FluWAE,0PS5E000000Cm8R,Title_BMS_EMEA__c,Title_BMS_EMEA__c.Description_BMS_EMEA__c,FALSE,TRUE
01k3E0000090IkPQAU,0PS3E0000000FluWAE,0PS5E000000Cm8R,Title_BMS_EMEA__c,Title_BMS_EMEA__c.Language_BMS_EMEA__c,FALSE,TRUE
01k3E0000090Ij6QAE,0PS3E0000000FluWAE,0PS5E000000Cm8R,Title_BMS_EMEA__c,Title_BMS_EMEA__c.Short_Label_BMS_EMEA__c,FALSE,TRUE
01k3E0000090IkTQAU,0PS3E0000000FluWAE,0PS5E000000Cm8R,Title_BMS_EMEA__c,Title_BMS_EMEA__c.External_ID_BMS_EMEA__c,FALSE,TRUE
01k3E0000090IkdQAE,0PS3E0000000FluWAE,0PS5E000000Cm8R,EM_Attendee_vod__c,EM_Attendee_vod__c.Employer_Consent_Status_HCPTS__c,TRUE,TRUE
01k3E00000AKaB5QAL,0PS3E0000000FluWAE,0PS5E000000Cm8R,EM_Budget_vod__c,EM_Budget_vod__c.Budget_Identifier_vod__c,TRUE,TRUE
01k3E00000AKaB4QAL,0PS3E0000000FluWAE,0PS5E000000Cm8R,EM_Budget_vod__c,EM_Budget_vod__c.Status_vod__c,TRUE,TRUE
01k3E0000094bhTQAQ,0PS3E0000000FluWAE,0PS5E000000Cm8R,EM_Catalog_vod__c,EM_Catalog_vod__c.Item_Id_HCPTS__c,TRUE,TRUE
01k3E0000094bhVQAQ,0PS3E0000000FluWAE,0PS5E000000Cm8R,EM_Catalog_vod__c,EM_Catalog_vod__c.Item_Type__c,TRUE,TRUE
01k3E0000094bhSQAQ,0PS3E0000000FluWAE,0PS5E000000Cm8R,EM_Catalog_vod__c,EM_Catalog_vod__c.External_ID_vod__c,TRUE,TRUE
01k3E0000094bhUQAQ,0PS3E0000000FluWAE,0PS5E000000Cm8R,EM_Catalog_vod__c,EM_Catalog_vod__c.Name_vod__c,TRUE,TRUE
01k3E0000094bhWQAQ,0PS3E0000000FluWAE,0PS5E000000Cm8R,EM_Catalog_vod__c,EM_Catalog_vod__c.Status_vod__c,TRUE,TRUE
01k3E0000090IhQQAU,0PS3E0000000FluWAE,0PS5E000000Cm8R,EM_Event_Speaker_vod__c,EM_Event_Speaker_vod__c.Employer_Consent_Status_HCPTS__c,TRUE,TRUE
01k3E000009Q4UWQA0,0PS3E0000000FluWAE,0PS5E000000Cm8R,EM_Event_vod__c,EM_Event_vod__c.City_Confirmed_HCPTS__c,TRUE,TRUE
01k3E000009Q4UXQA0,0PS3E0000000FluWAE,0PS5E000000Cm8R,EM_Event_vod__c,EM_Event_vod__c.Country_Confirmed_HCPTS__c,TRUE,TRUE
01k3E000009Q4UUQA0,0PS3E0000000FluWAE,0PS5E000000Cm8R,EM_Event_vod__c,EM_Event_vod__c.Location_Address_Confirmed_HCPTS__c,TRUE,TRUE
01k3E000009Q4UVQA0,0PS3E0000000FluWAE,0PS5E000000Cm8R,EM_Event_vod__c,EM_Event_vod__c.Location_Address_Line_2_Confirmed_HCPTS__c,TRUE,TRUE
01k3E000009Q4UTQA0,0PS3E0000000FluWAE,0PS5E000000Cm8R,EM_Event_vod__c,EM_Event_vod__c.Location_vod_HCPTS__c,TRUE,TRUE
01k3E000009Q4UYQA0,0PS3E0000000FluWAE,0PS5E000000Cm8R,EM_Event_vod__c,EM_Event_vod__c.State_Province_HCPTS__c,TRUE,TRUE
01k3E0000094bi1QAA,0PS3E0000000FluWAE,0PS5E000000Cm8R,EM_Speaker_Qualification_vod__c,EM_Speaker_Qualification_vod__c.Contract_Status_vod__c,TRUE,TRUE
01k3E0000094bi2QAA,0PS3E0000000FluWAE,0PS5E000000Cm8R,EM_Speaker_Qualification_vod__c,EM_Speaker_Qualification_vod__c.End_Date_vod__c,TRUE,TRUE
01k3E0000094bi3QAA,0PS3E0000000FluWAE,0PS5E000000Cm8R,EM_Speaker_Qualification_vod__c,EM_Speaker_Qualification_vod__c.External_ID_vod__c,TRUE,TRUE
01k3E0000094bi4QAA,0PS3E0000000FluWAE,0PS5E000000Cm8R,EM_Speaker_Qualification_vod__c,EM_Speaker_Qualification_vod__c.Qualification_Name_vod__c,FALSE,TRUE
01k3E0000094bi5QAA,0PS3E0000000FluWAE,0PS5E000000Cm8R,EM_Speaker_Qualification_vod__c,EM_Speaker_Qualification_vod__c.Qualification_vod__c,TRUE,TRUE
01k3E0000094bi6QAA,0PS3E0000000FluWAE,0PS5E000000Cm8R,EM_Speaker_Qualification_vod__c,EM_Speaker_Qualification_vod__c.Speaker_vod__c,TRUE,TRUE
01k3E0000094bi7QAA,0PS3E0000000FluWAE,0PS5E000000Cm8R,EM_Speaker_Qualification_vod__c,EM_Speaker_Qualification_vod__c.Start_Date_vod__c,TRUE,TRUE
01k3E00000Ao6nKQAR,0PS3E0000000FluWAE,0PS5E000000Cm8R,EM_Venue_vod__c,EM_Venue_vod__c.Country_HCPTS__c,TRUE,TRUE
01k3E00000Ao6nLQAR,0PS3E0000000FluWAE,0PS5E000000Cm8R,EM_Venue_vod__c,EM_Venue_vod__c.Country_Reference_HCPTS__c,TRUE,TRUE
01k3E0000090IkUQAU,0PS3E0000000FluWAE,0PS5E000000Cm8R,Account,Account.Main_Institution_BMS_EMEA__c,TRUE,TRUE
01k3E0000090IkiQAE,0PS3E0000000FluWAE,0PS5E000000Cm8R,Account,Account.Main_Institution_OneKey_ID_BMS_EMEA__c,FALSE,TRUE
01k3E0000090IknQAE,0PS3E0000000FluWAE,0PS5E000000Cm8R,Account,Account.Role_BMS_EMEA__c,TRUE,TRUE
01k3E0000090IksQAE,0PS3E0000000FluWAE,0PS5E000000Cm8R,Account,Account.Role_formula_BMS_EMEA__c,FALSE,TRUE
01k3E0000090IidQAE,0PS3E0000000FluWAE,0PS5E000000Cm8R,Account,Account.TestToPullNewField__c,TRUE,TRUE
01k3E0000090IhVQAU,0PS3E0000000FluWAE,0PS5E000000Cm8R,Account,Account.MOH_Consent_End_Date_BMS_EMEA_TR__c,TRUE,TRUE
01k3E0000090IkFQAU,0PS3E0000000FluWAE,0PS5E000000Cm8R,Account,Account.MOH_Consent_Start_Date_BMS_EMEA_TR__c,TRUE,TRUE
01k3E0000090IkxQAE,0PS3E0000000FluWAE,0PS5E000000Cm8R,Account,Account.MOH_Consent_BMS_EMEA_TR_formula__c,FALSE,TRUE
01k3E0000090IkVQAU,0PS3E0000000FluWAE,0PS5E000000Cm8R,Account,Account.Clinic_Hospital_Name_BMS_EMEA__c,TRUE,TRUE
01k3E0000090IkYQAU,0PS3E0000000FluWAE,0PS5E000000Cm8R,Account,Account.Top_Organization_Account_BMS_EMEA__c,TRUE,TRUE
01k3E0000090Il2QAE,0PS3E0000000FluWAE,0PS5E000000Cm8R,Account,Account.BP_ID__c,TRUE,TRUE
01k3E0000090Il7QAE,0PS3E0000000FluWAE,0PS5E000000Cm8R,Account,Account.Interaction_Frequency_BMS__c,TRUE,TRUE
01k3E0000090IkyQAE,0PS3E0000000FluWAE,0PS5E000000Cm8R,Account,Account.Interaction_Class_BMS__c,TRUE,TRUE
01k3E0000090IlCQAU,0PS3E0000000FluWAE,0PS5E000000Cm8R,Account,Account.YTD_Activity_BMS__c,FALSE,TRUE
01k3E0000090Il3QAE,0PS3E0000000FluWAE,0PS5E000000Cm8R,Account,Account.Avg_Calls_Mo_BMS__c,FALSE,TRUE
01k3E0000090IlHQAU,0PS3E0000000FluWAE,0PS5E000000Cm8R,Account,Account.License_State_BMS__c,TRUE,TRUE
01k3E0000090IjlQAE,0PS3E0000000FluWAE,0PS5E000000Cm8R,Account,Account.Local_Influence_BMS__c,TRUE,TRUE
01k3E0000090IlMQAU,0PS3E0000000FluWAE,0PS5E000000Cm8R,Account,Account.Regional_Influence_BMS__c,TRUE,TRUE
01k3E0000090IlRQAU,0PS3E0000000FluWAE,0PS5E000000Cm8R,Account,Account.National_Influence_BMS__c,TRUE,TRUE
01k3E0000090IlDQAU,0PS3E0000000FluWAE,0PS5E000000Cm8R,Account,Account.Sprycel_Target_BMS__c,TRUE,TRUE
01k3E0000090Ih1QAE,0PS3E0000000FluWAE,0PS5E000000Cm8R,Account,Account.Erbitux_Target_BMS__c,TRUE,TRUE
01k3E0000090IlWQAU,0PS3E0000000FluWAE,0PS5E000000Cm8R,Account,Account.Yervoy_Target_BMS__c,TRUE,TRUE
01k3E0000090IkWQAU,0PS3E0000000FluWAE,0PS5E000000Cm8R,Account,Account.Ixempra_Target_BMS__c,TRUE,TRUE
01k3E0000090IlbQAE,0PS3E0000000FluWAE,0PS5E000000Cm8R,Account,Account.Overall_Sphere_of_Influence_BMS__c,TRUE,TRUE
01k3E0000090IktQAE,0PS3E0000000FluWAE,0PS5E000000Cm8R,Account,Account.Credentials_vod__c,TRUE,TRUE
01k3E0000090Ik5QAE,0PS3E0000000FluWAE,0PS5E000000Cm8R,Account,Account.Specialty_1_vod__c,TRUE,TRUE
01k3E0000090Il4QAE,0PS3E0000000FluWAE,0PS5E000000Cm8R,Account,Account.Specialty_2_vod__c,TRUE,TRUE
01k3E0000090IlgQAE,0PS3E0000000FluWAE,0PS5E000000Cm8R,Account,Account.Preferred_Name_vod__c,TRUE,TRUE
01k3E0000090IllQAE,0PS3E0000000FluWAE,0PS5E000000Cm8R,Account,Account.Beds__c,TRUE,TRUE
01k3E0000090IlqQAE,0PS3E0000000FluWAE,0PS5E000000Cm8R,Account,Account.PDRP_Opt_Out_vod__c,TRUE,TRUE
01k3E0000090IlcQAE,0PS3E0000000FluWAE,0PS5E000000Cm8R,Account,Account.PDRP_Opt_Out_Date_vod__c,TRUE,TRUE
01k3E0000090IlvQAE,0PS3E0000000FluWAE,0PS5E000000Cm8R,Account,Account.Middle_vod__c,TRUE,TRUE
01k3E0000090IgDQAU,0PS3E0000000FluWAE,0PS5E000000Cm8R,Account,Account.Suffix_vod__c,TRUE,TRUE
01k3E0000090IlNQAU,0PS3E0000000FluWAE,0PS5E000000Cm8R,Account,Account.Gender_vod__c,TRUE,TRUE
01k3E0000090IldQAE,0PS3E0000000FluWAE,0PS5E000000Cm8R,Account,Account.Group_Specialty_1_vod__c,TRUE,TRUE
01k3E0000090Im0QAE,0PS3E0000000FluWAE,0PS5E000000Cm8R,Account,Account.Group_Specialty_2_vod__c,TRUE,TRUE
01k3E0000090Im5QAE,0PS3E0000000FluWAE,0PS5E000000Cm8R,Account,Account.Practice_at_Hospital_vod__c,TRUE,TRUE
01k3E0000090ImAQAU,0PS3E0000000FluWAE,0PS5E000000Cm8R,Account,Account.Practice_Near_Hospital_vod__c,TRUE,TRUE
01k3E0000090IgEQAU,0PS3E0000000FluWAE,0PS5E000000Cm8R,Account,Account.Total_MDs_DOs__c,TRUE,TRUE
01k3E0000090ImFQAU,0PS3E0000000FluWAE,0PS5E000000Cm8R,Account,Account.AHA__c,TRUE,TRUE
01k3E0000090ImBQAU,0PS3E0000000FluWAE,0PS5E000000Cm8R,Account,Account.NPI_vod__c,TRUE,TRUE
01k3E0000090Il5QAE,0PS3E0000000FluWAE,0PS5E000000Cm8R,Account,Account.ME__c,TRUE,TRUE
01k3E0000090ImKQAU,0PS3E0000000FluWAE,0PS5E000000Cm8R,Account,Account.Speaker__c,TRUE,TRUE
01k3E0000090ImPQAU,0PS3E0000000FluWAE,0PS5E000000Cm8R,Account,Account.Investigator_vod__c,TRUE,TRUE
01k3E0000090IfsQAE,0PS3E0000000FluWAE,0PS5E000000Cm8R,Account,Account.Tax_Status__c,TRUE,TRUE
01k3E0000090IfoQAE,0PS3E0000000FluWAE,0PS5E000000Cm8R,Account,Account.Model__c,TRUE,TRUE
01k3E0000090ImUQAU,0PS3E0000000FluWAE,0PS5E000000Cm8R,Account,Account.Offerings__c,TRUE,TRUE
01k3E0000090Im6QAE,0PS3E0000000FluWAE,0PS5E000000Cm8R,Account,Account.Departments__c,TRUE,TRUE
01k3E0000090ImZQAU,0PS3E0000000FluWAE,0PS5E000000Cm8R,Account,Account.Account_Type__c,TRUE,TRUE
01k3E0000090IjwQAE,0PS3E0000000FluWAE,0PS5E000000Cm8R,Account,Account.Net_Income_Loss_000__c,TRUE,TRUE
01k3E0000090ImLQAU,0PS3E0000000FluWAE,0PS5E000000Cm8R,Account,Account.Total_Revenue_000__c,TRUE,TRUE
01k3E0000090ImeQAE,0PS3E0000000FluWAE,0PS5E000000Cm8R,Account,Account.Commercial_Patient_Days_1000__c,TRUE,TRUE
01k3E0000090ImfQAE,0PS3E0000000FluWAE,0PS5E000000Cm8R,Account,Account.PMPM_Income_Loss_000__c,TRUE,TRUE
01k3E0000090ImgQAE,0PS3E0000000FluWAE,0PS5E000000Cm8R,Account,Account.Commercial_Premiums_PMPM__c,TRUE,TRUE
01k3E0000090ImjQAE,0PS3E0000000FluWAE,0PS5E000000Cm8R,Account,Account.Medical_Loss_Ratio__c,TRUE,TRUE
01k3E0000090ImMQAU,0PS3E0000000FluWAE,0PS5E000000Cm8R,Account,Account.Medicaid__c,TRUE,TRUE
01k3E0000090ImoQAE,0PS3E0000000FluWAE,0PS5E000000Cm8R,Account,Account.Medical_Expenses_PMPM__c,TRUE,TRUE
01k3E0000090IlXQAU,0PS3E0000000FluWAE,0PS5E000000Cm8R,Account,Account.HMO_Market_Shr__c,TRUE,TRUE
01k3E0000090ImaQAE,0PS3E0000000FluWAE,0PS5E000000Cm8R,Account,Account.HMO__c,TRUE,TRUE
01k3E0000090ImtQAE,0PS3E0000000FluWAE,0PS5E000000Cm8R,Account,Account.PPO__c,TRUE,TRUE
01k3E0000090ImyQAE,0PS3E0000000FluWAE,0PS5E000000Cm8R,Account,Account.HMO_POS__c,TRUE,TRUE
01k3E0000090In3QAE,0PS3E0000000FluWAE,0PS5E000000Cm8R,Account,Account.PPO_POS__c,TRUE,TRUE
01k3E0000090ImzQAE,0PS3E0000000FluWAE,0PS5E000000Cm8R,Account,Account.Medicare__c,TRUE,TRUE
01k3E0000090In8QAE,0PS3E0000000FluWAE,0PS5E000000Cm8R,Account,Account.Contracts_Process__c,TRUE,TRUE
01k3E0000090InDQAU,0PS3E0000000FluWAE,0PS5E000000Cm8R,Account,Account.Regional_Strategy__c,TRUE,TRUE
01k3E0000090InIQAU,0PS3E0000000FluWAE,0PS5E000000Cm8R,Account,Account.Business_Description__c,TRUE,TRUE
01k3E0000090IlrQAE,0PS3E0000000FluWAE,0PS5E000000Cm8R,Account,Account.Total_Lives__c,TRUE,TRUE
01k3E0000090Ik0QAE,0PS3E0000000FluWAE,0PS5E000000Cm8R,Account,Account.Total_Physicians_Enrolled__c,TRUE,TRUE
01k3E0000090InNQAU,0PS3E0000000FluWAE,0PS5E000000Cm8R,Account,Account.Target__c,TRUE,TRUE
01k3E0000090IlYQAU,0PS3E0000000FluWAE,0PS5E000000Cm8R,Account,Account.KOL_vod__c,TRUE,TRUE
01k3E0000090Il6QAE,0PS3E0000000FluWAE,0PS5E000000Cm8R,Account,Account.Total_Pharmacists__c,TRUE,TRUE
01k3E0000090IkQQAU,0PS3E0000000FluWAE,0PS5E000000Cm8R,Account,Account.External_ID_vod__c,TRUE,TRUE
01k3E0000090InSQAU,0PS3E0000000FluWAE,0PS5E000000Cm8R,Account,Account.Territory_vod__c,TRUE,TRUE
01k3E0000090Im7QAE,0PS3E0000000FluWAE,0PS5E000000Cm8R,Account,Account.Formatted_Name_vod__c,FALSE,TRUE
01k3E0000090IiXQAU,0PS3E0000000FluWAE,0PS5E000000Cm8R,Account,Account.Territory_Test_vod__c,TRUE,TRUE
01k3E0000090Ik6QAE,0PS3E0000000FluWAE,0PS5E000000Cm8R,Account,Account.Exclude_from_Zip_to_Terr_Processing_vod__c,TRUE,TRUE
01k3E0000090IfpQAE,0PS3E0000000FluWAE,0PS5E000000Cm8R,Account,Account.Mobile_ID_vod__c,TRUE,TRUE
01k3E0000090IlOQAU,0PS3E0000000FluWAE,0PS5E000000Cm8R,Account,Account.ID_vod__c,TRUE,TRUE
01k3E0000090InXQAU,0PS3E0000000FluWAE,0PS5E000000Cm8R,Account,Account.Do_Not_Sync_Sales_Data_vod__c,TRUE,TRUE
01k3E0000090IjxQAE,0PS3E0000000FluWAE,0PS5E000000Cm8R,Account,Account.ID2_vod__c,TRUE,TRUE
01k3E0000090IncQAE,0PS3E0000000FluWAE,0PS5E000000Cm8R,Account,Account.Sample_Default_vod__c,TRUE,TRUE
01k3E0000090In9QAE,0PS3E0000000FluWAE,0PS5E000000Cm8R,Account,Account.Segmentations_vod__c,TRUE,TRUE
01k3E0000090InhQAE,0PS3E0000000FluWAE,0PS5E000000Cm8R,Account,Account.Restricted_Products_vod__c,TRUE,TRUE
01k3E0000090IkRQAU,0PS3E0000000FluWAE,0PS5E000000Cm8R,Account,Account.Payer_Id_vod__c,TRUE,TRUE
01k3E0000090InmQAE,0PS3E0000000FluWAE,0PS5E000000Cm8R,Account,Account.Do_Not_Call_vod__c,TRUE,TRUE
01k3E0000090IhWQAU,0PS3E0000000FluWAE,0PS5E000000Cm8R,Account,Account.Spend_Amount__c,TRUE,TRUE
01k3E0000090InnQAE,0PS3E0000000FluWAE,0PS5E000000Cm8R,Account,Account.Spend_Status_Value_vod__c,FALSE,TRUE
01k3E0000090InrQAE,0PS3E0000000FluWAE,0PS5E000000Cm8R,Account,Account.Spend_Status_vod__c,FALSE,TRUE
01k3E0000090IimQAE,0PS3E0000000FluWAE,0PS5E000000Cm8R,Account,Account.Enable_Restricted_Products_vod__c,TRUE,TRUE
01k3E0000090InwQAE,0PS3E0000000FluWAE,0PS5E000000Cm8R,Account,Account.Call_Reminder_vod__c,TRUE,TRUE
01k3E0000090IgFQAU,0PS3E0000000FluWAE,0PS5E000000Cm8R,Account,Account.Account_Group_vod__c,TRUE,TRUE
01k3E0000090IlmQAE,0PS3E0000000FluWAE,0PS5E000000Cm8R,Account,Account.Primary_Parent_vod__c,TRUE,TRUE
01k3E0000090Ig8QAE,0PS3E0000000FluWAE,0PS5E000000Cm8R,Account,Account.No_Orders_vod__c,TRUE,TRUE
01k3E0000090Io1QAE,0PS3E0000000FluWAE,0PS5E000000Cm8R,Account,Account.Order_Type_vod__c,TRUE,TRUE
01k3E0000090IieQAE,0PS3E0000000FluWAE,0PS5E000000Cm8R,Account,Account.Color_vod__c,FALSE,TRUE
01k3E0000090Io6QAE,0PS3E0000000FluWAE,0PS5E000000Cm8R,Account,Account.Account_Search_FirstLast_vod__c,FALSE,TRUE
01k3E0000090IoBQAU,0PS3E0000000FluWAE,0PS5E000000Cm8R,Account,Account.Account_Search_LastFirst_vod__c,FALSE,TRUE
01k3E0000090IirQAE,0PS3E0000000FluWAE,0PS5E000000Cm8R,Account,Account.Do_Not_Create_Child_Account_vod__c,TRUE,TRUE
01k3E0000090In4QAE,0PS3E0000000FluWAE,0PS5E000000Cm8R,Account,Account.Default_Order_Type_vod__c,TRUE,TRUE
01k3E0000090IoGQAU,0PS3E0000000FluWAE,0PS5E000000Cm8R,Account,Account.Account_Search_Business_vod__c,FALSE,TRUE
01k3E0000090IoLQAU,0PS3E0000000FluWAE,0PS5E000000Cm8R,Account,Account.Business_Professional_Person_vod__c,TRUE,TRUE
01k3E0000090Io2QAE,0PS3E0000000FluWAE,0PS5E000000Cm8R,Account,Account.Erbitux_Speaker_BMS__c,TRUE,TRUE
01k3E0000090IkKQAU,0PS3E0000000FluWAE,0PS5E000000Cm8R,Account,Account.Sprycel_Speaker_BMS__c,TRUE,TRUE
01k3E0000090IkLQAU,0PS3E0000000FluWAE,0PS5E000000Cm8R,Account,Account.Ixempra_Speaker_BMS__c,TRUE,TRUE
01k3E0000090IhbQAE,0PS3E0000000FluWAE,0PS5E000000Cm8R,Account,Account.Yervoy_Speaker_BMS__c,TRUE,TRUE
01k3E0000090IoQQAU,0PS3E0000000FluWAE,0PS5E000000Cm8R,Account,Account.Orencia_Target_BMS__c,TRUE,TRUE
01k3E0000090InoQAE,0PS3E0000000FluWAE,0PS5E000000Cm8R,Account,Account.Nulojix_Target_BMS__c,TRUE,TRUE
01k3E0000090IoVQAU,0PS3E0000000FluWAE,0PS5E000000Cm8R,Account,Account.DDD_Number_BMS__c,TRUE,TRUE
01k3E0000090IisQAE,0PS3E0000000FluWAE,0PS5E000000Cm8R,Account,Account.IMS_ID_BMS__c,TRUE,TRUE
01k3E0000090IoaQAE,0PS3E0000000FluWAE,0PS5E000000Cm8R,Account,Account.Sub_Cat_Code_BMS__c,TRUE,TRUE
01k3E0000090IofQAE,0PS3E0000000FluWAE,0PS5E000000Cm8R,Account,Account.WK_ID_BMS__c,TRUE,TRUE
01k3E0000090IokQAE,0PS3E0000000FluWAE,0PS5E000000Cm8R,Account,Account.Fed_Tax_ID_GRP_BMS__c,TRUE,TRUE
01k3E0000090IoMQAU,0PS3E0000000FluWAE,0PS5E000000Cm8R,Account,Account.Integration_Status_BMS__c,TRUE,TRUE
01k3E0000090IopQAE,0PS3E0000000FluWAE,0PS5E000000Cm8R,Account,Account.Erbitux_Drop_BMS__c,TRUE,TRUE
01k3E0000090IhCQAU,0PS3E0000000FluWAE,0PS5E000000Cm8R,Account,Account.NationalQ6_BMS__c,TRUE,TRUE
01k3E0000090ImGQAU,0PS3E0000000FluWAE,0PS5E000000Cm8R,Account,Account.NationalQ1_BMS__c,TRUE,TRUE
01k3E0000090IhjQAE,0PS3E0000000FluWAE,0PS5E000000Cm8R,Account,Account.RegionalQ4_BMS__c,TRUE,TRUE
01k3E0000090Io3QAE,0PS3E0000000FluWAE,0PS5E000000Cm8R,Account,Account.RegionalQ6_BMS__c,TRUE,TRUE
01k3E0000090IoNQAU,0PS3E0000000FluWAE,0PS5E000000Cm8R,Account,Account.RegionalQ8_BMS__c,TRUE,TRUE
01k3E0000090IouQAE,0PS3E0000000FluWAE,0PS5E000000Cm8R,Account,Account.RegionalQ7_BMS__c,TRUE,TRUE
01k3E0000090IniQAE,0PS3E0000000FluWAE,0PS5E000000Cm8R,Account,Account.RegionalQ9_BMS__c,TRUE,TRUE
01k3E0000090IozQAE,0PS3E0000000FluWAE,0PS5E000000Cm8R,Account,Account.NationalQ2_BMS__c,TRUE,TRUE
01k3E0000090IfqQAE,0PS3E0000000FluWAE,0PS5E000000Cm8R,Account,Account.NationalQ3_BMS__c,TRUE,TRUE
01k3E0000090Ip4QAE,0PS3E0000000FluWAE,0PS5E000000Cm8R,Account,Account.RegionalQ1_BMS__c,TRUE,TRUE
01k3E0000090Ip9QAE,0PS3E0000000FluWAE,0PS5E000000Cm8R,Account,Account.NationalQ4_BMS__c,TRUE,TRUE
01k3E0000090ImQQAU,0PS3E0000000FluWAE,0PS5E000000Cm8R,Account,Account.NationalQ5_BMS__c,TRUE,TRUE
01k3E0000090IoCQAU,0PS3E0000000FluWAE,0PS5E000000Cm8R,Account,Account.RegionalQ2_BMS__c,TRUE,TRUE
01k3E0000090InOQAU,0PS3E0000000FluWAE,0PS5E000000Cm8R,Account,Account.RegionalQ3_BMS__c,TRUE,TRUE
01k3E0000090IovQAE,0PS3E0000000FluWAE,0PS5E000000Cm8R,Account,Account.RegionalQ5_BMS__c,TRUE,TRUE
01k3E0000090IkeQAE,0PS3E0000000FluWAE,0PS5E000000Cm8R,Account,Account.SOI_Questions_Answered_BMS__c,TRUE,TRUE
01k3E0000090IpEQAU,0PS3E0000000FluWAE,0PS5E000000Cm8R,Account,Account.KOL_ID_BMS__c,TRUE,TRUE
01k3E0000090IihQAE,0PS3E0000000FluWAE,0PS5E000000Cm8R,Account,Account.NRL_Melanoma_BMS__c,TRUE,TRUE
01k3E0000090ImkQAE,0PS3E0000000FluWAE,0PS5E000000Cm8R,Account,Account.SFID18_BMS__c,TRUE,TRUE
01k3E0000090Im1QAE,0PS3E0000000FluWAE,0PS5E000000Cm8R,Account,Account.Transplant_Classification_BMS__c,TRUE,TRUE
01k3E0000090IpFQAU,0PS3E0000000FluWAE,0PS5E000000Cm8R,Account,Account.ORENCIA_Speaker_BMS__c,TRUE,TRUE
01k3E0000090IlEQAU,0PS3E0000000FluWAE,0PS5E000000Cm8R,Account,Account.NULOJIX_Speaker_BMS__c,TRUE,TRUE
01k3E0000090IndQAE,0PS3E0000000FluWAE,0PS5E000000Cm8R,Account,Account.Immunoscience_Segmentation_BMS__c,TRUE,TRUE
01k3E0000090IpJQAU,0PS3E0000000FluWAE,0PS5E000000Cm8R,Account,Account.Transplant_TL_BMS__c,TRUE,TRUE
01k3E0000090IhcQAE,0PS3E0000000FluWAE,0PS5E000000Cm8R,Account,Account.OCS_Contact_BMS__c,TRUE,TRUE
01k3E0000090IpOQAU,0PS3E0000000FluWAE,0PS5E000000Cm8R,Account,Account.SPRYCEL_Calls_Delivered_BMS__c,TRUE,TRUE
01k3E0000090IkMQAU,0PS3E0000000FluWAE,0PS5E000000Cm8R,Account,Account.Impacted_Customers__c,FALSE,TRUE
01k3E0000090IpTQAU,0PS3E0000000FluWAE,0PS5E000000Cm8R,Account,Account.Account_Class_vod__c,TRUE,TRUE
01k3E0000090IpYQAU,0PS3E0000000FluWAE,0PS5E000000Cm8R,Account,Account.Furigana_vod__c,TRUE,TRUE
01k3E0000090IkNQAU,0PS3E0000000FluWAE,0PS5E000000Cm8R,Account,Account.Hospital_Type_vod__c,TRUE,TRUE
01k3E0000090ImhQAE,0PS3E0000000FluWAE,0PS5E000000Cm8R,Account,Account.User_Created_NPRS_BMS__c,TRUE,TRUE
01k3E0000090Ih2QAE,0PS3E0000000FluWAE,0PS5E000000Cm8R,Account,Account.GAS_Aligned_BMS__c,TRUE,TRUE
01k3E0000090IpdQAE,0PS3E0000000FluWAE,0PS5E000000Cm8R,Account,Account.ONCOLOGY_Target_BMS__c,TRUE,TRUE
01k3E0000090ImiQAE,0PS3E0000000FluWAE,0PS5E000000Cm8R,Account,Account.X1_Stage_of_Nulojix_Experience_Curve__c,TRUE,TRUE
01k3E0000090Ih3QAE,0PS3E0000000FluWAE,0PS5E000000Cm8R,Account,Account.X2_Customer_Believes_in_Nulojix_Clinical__c,TRUE,TRUE
01k3E0000090IpAQAU,0PS3E0000000FluWAE,0PS5E000000Cm8R,Account,Account.X3_Cost_a_Barrier_to_Utilization__c,TRUE,TRUE
01k3E0000090IlPQAU,0PS3E0000000FluWAE,0PS5E000000Cm8R,Account,Account.X4_Infusion_Logistics_a_Concern__c,TRUE,TRUE
01k3E0000090IpiQAE,0PS3E0000000FluWAE,0PS5E000000Cm8R,Account,Account.Virtual_Sales_Bag_BMS__c,TRUE,TRUE
01k3E0000090IpjQAE,0PS3E0000000FluWAE,0PS5E000000Cm8R,Account,Account.ERBITUXiRepSessionCache_BMS__c,TRUE,TRUE
01k3E0000090IpnQAE,0PS3E0000000FluWAE,0PS5E000000Cm8R,Account,Account.IXEMPRAiRepSessionCache_BMS__c,TRUE,TRUE
01k3E0000090IoWQAU,0PS3E0000000FluWAE,0PS5E000000Cm8R,Account,Account.YERVOYiRepSessionCache_BMS__c,TRUE,TRUE
01k3E0000090IpsQAE,0PS3E0000000FluWAE,0PS5E000000Cm8R,Account,Account.Alternate_Name_vod__c,TRUE,TRUE
01k3E0000090IoRQAU,0PS3E0000000FluWAE,0PS5E000000Cm8R,Account,Account.ATL_Last_Update_Date_Time_vod__c,TRUE,TRUE
01k3E0000090IpxQAE,0PS3E0000000FluWAE,0PS5E000000Cm8R,Account,Account.ABILIFY_Speaker_BMS_SHARED__c,TRUE,TRUE
01k3E0000090IpGQAU,0PS3E0000000FluWAE,0PS5E000000Cm8R,Account,Account.AI_Relationship_Status__c,TRUE,TRUE
01k3E0000090Iq2QAE,0PS3E0000000FluWAE,0PS5E000000Cm8R,Account,Account.Access_Priority__c,TRUE,TRUE
01k3E0000090Iq7QAE,0PS3E0000000FluWAE,0PS5E000000Cm8R,Account,Account.Access_influence__c,TRUE,TRUE
01k3E0000090IpZQAU,0PS3E0000000FluWAE,0PS5E000000Cm8R,Account,Account.Account_Source_Country_BMS_CORE__c,TRUE,TRUE
01k3E0000090IpyQAE,0PS3E0000000FluWAE,0PS5E000000Cm8R,Account,Account.Account_Status_BMS_CA__c,TRUE,TRUE
01k3E0000090IpaQAE,0PS3E0000000FluWAE,0PS5E000000Cm8R,Account,Account.Account_Tier_BMS_US__c,TRUE,TRUE
01k3E0000090IjHQAU,0PS3E0000000FluWAE,0PS5E000000Cm8R,Account,Account.Address_BMS_CN__c,TRUE,TRUE
01k3E0000090IqCQAU,0PS3E0000000FluWAE,0PS5E000000Cm8R,Account,Account.Adherence_Councilor_BMS_US_del__c,TRUE,TRUE
01k3E0000090IqDQAU,0PS3E0000000FluWAE,0PS5E000000Cm8R,Account,Account.Administrative_Title_BMS_CN__c,TRUE,TRUE
01k3E0000090IqHQAU,0PS3E0000000FluWAE,0PS5E000000Cm8R,Account,Account.Authorizing_Prescriber_BMS_SHARED__c,TRUE,TRUE
01k3E0000090IqMQAU,0PS3E0000000FluWAE,0PS5E000000Cm8R,Account,Account.Average_Age_Range_BMS_US__c,TRUE,TRUE
01k3E0000090Iq3QAE,0PS3E0000000FluWAE,0PS5E000000Cm8R,Account,Account.BARACLUDE_Speaker_BMS_SHARED__c,TRUE,TRUE
01k3E0000090IqRQAU,0PS3E0000000FluWAE,0PS5E000000Cm8R,Account,Account.BMS_Last_Access_Interaction_User__c,TRUE,TRUE
01k3E0000090IkuQAE,0PS3E0000000FluWAE,0PS5E000000Cm8R,Account,Account.BMS_Last_Access_Interaction__c,TRUE,TRUE
01k3E0000090IhoQAE,0PS3E0000000FluWAE,0PS5E000000Cm8R,Account,Account.BMS_Last_Access_Interaction_date__c,TRUE,TRUE
01k3E0000090IqWQAU,0PS3E0000000FluWAE,0PS5E000000Cm8R,Account,Account.BMS_Target_type__c,TRUE,TRUE
01k3E0000090IlnQAE,0PS3E0000000FluWAE,0PS5E000000Cm8R,Account,Account.BP_ID_BMS_CORE__c,TRUE,TRUE
01k3E0000090Il8QAE,0PS3E0000000FluWAE,0PS5E000000Cm8R,Account,Account.BYDUREON_Speaker_BMS_SHARED__c,TRUE,TRUE
01k3E0000090IqbQAE,0PS3E0000000FluWAE,0PS5E000000Cm8R,Account,Account.BYETTA_Speaker_BMS_SHARED__c,TRUE,TRUE
01k3E0000090IqgQAE,0PS3E0000000FluWAE,0PS5E000000Cm8R,Account,Account.Budget_BMS_US__c,TRUE,TRUE
01k3E0000090InAQAU,0PS3E0000000FluWAE,0PS5E000000Cm8R,Account,Account.CML_Patients_BMS_CN__c,TRUE,TRUE
01k3E0000090Iq8QAE,0PS3E0000000FluWAE,0PS5E000000Cm8R,Account,Account.Call_Back_Nurse_BMS_US__c,TRUE,TRUE
01k3E0000090IoSQAU,0PS3E0000000FluWAE,0PS5E000000Cm8R,Account,Account.Commercial_Appeals_Regularly_BMS_US__c,TRUE,TRUE
01k3E0000090IqIQAU,0PS3E0000000FluWAE,0PS5E000000Cm8R,Account,Account.Community_Position_BMS_CN__c,TRUE,TRUE
01k3E0000090IqlQAE,0PS3E0000000FluWAE,0PS5E000000Cm8R,Account,Account.Coumadin_Clinic_Supervisor_BMS_US__c,TRUE,TRUE
01k3E0000090IpoQAE,0PS3E0000000FluWAE,0PS5E000000Cm8R,Account,Account.Date_REMS_Material_Provided_BMS_US__c,TRUE,TRUE
01k3E0000090Io4QAE,0PS3E0000000FluWAE,0PS5E000000Cm8R,Account,Account.Date_of_Planned_PT_Meeting_BMS_US__c,TRUE,TRUE
01k3E0000090Ih6QAE,0PS3E0000000FluWAE,0PS5E000000Cm8R,Account,Account.Decision_of_Beds_Index_BMS_CN__c,TRUE,TRUE
01k3E0000090IqqQAE,0PS3E0000000FluWAE,0PS5E000000Cm8R,Account,Account.Department_BMS_CN__c,TRUE,TRUE
01k3E0000090IkfQAE,0PS3E0000000FluWAE,0PS5E000000Cm8R,Account,Account.Device_Trainer_BMS_US__c,TRUE,TRUE
01k3E0000090IhDQAU,0PS3E0000000FluWAE,0PS5E000000Cm8R,Account,Account.Diabetes_Educator_BMS_US__c,TRUE,TRUE
01k3E0000090IqvQAE,0PS3E0000000FluWAE,0PS5E000000Cm8R,Account,Account.Do_you_accept_samples_BMS_US__c,TRUE,TRUE
01k3E0000090ImCQAU,0PS3E0000000FluWAE,0PS5E000000Cm8R,Account,Account.Do_you_have_infusion_capabilities_BMS_US__c,TRUE,TRUE
01k3E0000090Ir0QAE,0PS3E0000000FluWAE,0PS5E000000Cm8R,Account,Account.Duals_BMS_US__c,TRUE,TRUE
01k3E0000090Il9QAE,0PS3E0000000FluWAE,0PS5E000000Cm8R,Account,Account.EFAVIRENZ_Speaker_BMS_SHARED__c,TRUE,TRUE
01k3E0000090Ir5QAE,0PS3E0000000FluWAE,0PS5E000000Cm8R,Account,Account.ELIQUIS_Speaker_BMS_SHARED__c,TRUE,TRUE
01k3E0000090IqhQAE,0PS3E0000000FluWAE,0PS5E000000Cm8R,Account,Account.EMR_System_in_Use_BMS_US__c,TRUE,TRUE
01k3E0000090IrAQAU,0PS3E0000000FluWAE,0PS5E000000Cm8R,Account,Account.ERM_System_in_Use_BMS_US__c,TRUE,TRUE
01k3E0000090IpbQAE,0PS3E0000000FluWAE,0PS5E000000Cm8R,Account,Account.Effective_Date_on_Formulary_BMS_US__c,TRUE,TRUE
01k3E0000090IifQAE,0PS3E0000000FluWAE,0PS5E000000Cm8R,Account,Account.Eliquis_Formulary_Status__c,TRUE,TRUE
01k3E0000090IrFQAU,0PS3E0000000FluWAE,0PS5E000000Cm8R,Account,Account.Email_MSL_BMS_SHARED__c,TRUE,TRUE
01k3E0000090Ir6QAE,0PS3E0000000FluWAE,0PS5E000000Cm8R,Account,Account.Erbitux_CRC_Profile_BMS__c,TRUE,TRUE
01k3E0000090IrKQAU,0PS3E0000000FluWAE,0PS5E000000Cm8R,Account,Account.Erbitux_H_N_Profile_BMS__c,TRUE,TRUE
01k3E0000090IqrQAE,0PS3E0000000FluWAE,0PS5E000000Cm8R,Account,Account.FFS_Medicaid_BMS_US__c,TRUE,TRUE
01k3E0000090IrPQAU,0PS3E0000000FluWAE,0PS5E000000Cm8R,Account,Account.Fax_MSL_BMS_SHARED__c,TRUE,TRUE
01k3E0000090IqXQAU,0PS3E0000000FluWAE,0PS5E000000Cm8R,Account,Account.Finder_Num_BMS_CA__c,TRUE,TRUE
01k3E0000090Ir7QAE,0PS3E0000000FluWAE,0PS5E000000Cm8R,Account,Account.Formulary_Decisions_BMS_US__c,TRUE,TRUE
01k3E0000090IrUQAU,0PS3E0000000FluWAE,0PS5E000000Cm8R,Account,Account.Formulary_Milestone_Status_BMS_US__c,TRUE,TRUE
01k3E0000090IrVQAU,0PS3E0000000FluWAE,0PS5E000000Cm8R,Account,Account.GPO_BMS_US__c,TRUE,TRUE
01k3E0000090Ir1QAE,0PS3E0000000FluWAE,0PS5E000000Cm8R,Account,Account.GST_BMS_CA__c,TRUE,TRUE
01k3E0000090IkgQAE,0PS3E0000000FluWAE,0PS5E000000Cm8R,Account,Account.Geographic_Reach_BMS_US__c,TRUE,TRUE
01k3E0000090IrZQAU,0PS3E0000000FluWAE,0PS5E000000Cm8R,Account,Account.Graduate_University_BMS_CN__c,TRUE,TRUE
01k3E0000090IowQAE,0PS3E0000000FluWAE,0PS5E000000Cm8R,Account,Account.Graduation_Year_BMS_CA__c,TRUE,TRUE
01k3E0000090IreQAE,0PS3E0000000FluWAE,0PS5E000000Cm8R,Account,Account.HBV_Beds_BMS_CN__c,TRUE,TRUE
01k3E0000090ImDQAU,0PS3E0000000FluWAE,0PS5E000000Cm8R,Account,Account.HCPQ1_BMS__c,TRUE,TRUE
01k3E0000090IpcQAE,0PS3E0000000FluWAE,0PS5E000000Cm8R,Account,Account.HCPQ2_BMS__c,TRUE,TRUE
01k3E0000090IrjQAE,0PS3E0000000FluWAE,0PS5E000000Cm8R,Account,Account.HCPQ3_BMS__c,TRUE,TRUE
01k3E0000090IleQAE,0PS3E0000000FluWAE,0PS5E000000Cm8R,Account,Account.HIV_BMS_US__c,TRUE,TRUE
01k3E0000090IrkQAE,0PS3E0000000FluWAE,0PS5E000000Cm8R,Account,Account.HIV_Case_Manager_BMS_US_del__c,TRUE,TRUE
01k3E0000090Io7QAE,0PS3E0000000FluWAE,0PS5E000000Cm8R,Account,Account.HP_Usage_Level_BMS_CN__c,TRUE,TRUE
01k3E0000090IroQAE,0PS3E0000000FluWAE,0PS5E000000Cm8R,Account,Account.HST_BMS_CA__c,TRUE,TRUE
01k3E0000090ImbQAE,0PS3E0000000FluWAE,0PS5E000000Cm8R,Account,Account.Hal_HIV_Target_BMS_US__c,TRUE,TRUE
01k3E0000090In5QAE,0PS3E0000000FluWAE,0PS5E000000Cm8R,Account,Account.Hal_Oncology_Target_BMS_US__c,TRUE,TRUE
01k3E0000090ImuQAE,0PS3E0000000FluWAE,0PS5E000000Cm8R,Account,Account.Hospital_Rank_BMS_CN__c,TRUE,TRUE
01k3E0000090IrtQAE,0PS3E0000000FluWAE,0PS5E000000Cm8R,Account,Account.IT_Point_Person_BMS_US__c,TRUE,TRUE
01k3E0000090IryQAE,0PS3E0000000FluWAE,0PS5E000000Cm8R,Account,Account.If_yes_specify_which_HospMed_Grp_BMS_US__c,TRUE,TRUE
01k3E0000090Is3QAE,0PS3E0000000FluWAE,0PS5E000000Cm8R,Account,Account.If_yes_specify_which_Hosp_Med_Grp_BMS_US__c,TRUE,TRUE
01k3E0000090IrGQAU,0PS3E0000000FluWAE,0PS5E000000Cm8R,Account,Account.Interest_BMS_CA__c,TRUE,TRUE
01k3E0000090IlhQAE,0PS3E0000000FluWAE,0PS5E000000Cm8R,Account,Account.Is_25_or_more_of_you_patient_pop_BMS_US__c,TRUE,TRUE
01k3E0000090IggQAE,0PS3E0000000FluWAE,0PS5E000000Cm8R,Account,Account.Is_Eliquis_Stocked_BMS_US__c,TRUE,TRUE
01k3E0000090Is8QAE,0PS3E0000000FluWAE,0PS5E000000Cm8R,Account,Account.Is_GIPAP_TIPAP_Dr_BMS_CN__c,TRUE,TRUE
01k3E0000090IsDQAU,0PS3E0000000FluWAE,0PS5E000000Cm8R,Account,Account.Ixempra_Profile_BMS__c,TRUE,TRUE
01k3E0000090IsIQAU,0PS3E0000000FluWAE,0PS5E000000Cm8R,Account,Account.KOL_Level_BMS_CA__c,TRUE,TRUE
01k3E0000090IsEQAU,0PS3E0000000FluWAE,0PS5E000000Cm8R,Account,Account.KOMBLIGLYZE_XR_Speaker_BMS_SHARED__c,TRUE,TRUE
01k3E0000090IhXQAU,0PS3E0000000FluWAE,0PS5E000000Cm8R,Account,Account.LIS_BMS_US__c,TRUE,TRUE
01k3E0000090ImcQAE,0PS3E0000000FluWAE,0PS5E000000Cm8R,Account,Account.Level_of_Access_BMS_US__c,TRUE,TRUE
01k3E0000090IsNQAU,0PS3E0000000FluWAE,0PS5E000000Cm8R,Account,Account.M3_Avg_ETV_ARV_BMS_CN__c,TRUE,TRUE
01k3E0000090IsOQAU,0PS3E0000000FluWAE,0PS5E000000Cm8R,Account,Account.M3_Avg_HP_ETV_BMS_CN__c,TRUE,TRUE
01k3E0000090IsSQAU,0PS3E0000000FluWAE,0PS5E000000Cm8R,Account,Account.M3_Avg_Lamivudine_ARV_BMS_CN__c,TRUE,TRUE
01k3E0000090IsJQAU,0PS3E0000000FluWAE,0PS5E000000Cm8R,Account,Account.ME_REG_TYPE_CD_BMS__c,TRUE,TRUE
01k3E0000090IliQAE,0PS3E0000000FluWAE,0PS5E000000Cm8R,Account,Account.Managed_Care_Appeal_Reg_Processed_BMS_US__c,TRUE,TRUE
01k3E0000090Ir8QAE,0PS3E0000000FluWAE,0PS5E000000Cm8R,Account,Account.Managed_Medicaid_BMS_US__c,TRUE,TRUE
01k3E0000090IsXQAU,0PS3E0000000FluWAE,0PS5E000000Cm8R,Account,Account.Managed_Medicare_Point_Person_BMS_US__c,TRUE,TRUE
01k3E0000090IscQAE,0PS3E0000000FluWAE,0PS5E000000Cm8R,Account,Account.Medical_Assistant_BMS_US_del__c,TRUE,TRUE
01k3E0000090Iq9QAE,0PS3E0000000FluWAE,0PS5E000000Cm8R,Account,Account.Medical_BMS_US__c,TRUE,TRUE
01k3E0000090IqAQAU,0PS3E0000000FluWAE,0PS5E000000Cm8R,Account,Account.Medical_Health_BMS_US_del__c,TRUE,TRUE
01k3E0000090IshQAE,0PS3E0000000FluWAE,0PS5E000000Cm8R,Account,Account.Medicare_Part_D_BMS_US__c,TRUE,TRUE
01k3E0000090IsPQAU,0PS3E0000000FluWAE,0PS5E000000Cm8R,Account,Account.Mobile_BMS__c,TRUE,TRUE
01k3E0000090IsmQAE,0PS3E0000000FluWAE,0PS5E000000Cm8R,Account,Account.Mobile_MSL_BMS_SHARED__c,TRUE,TRUE
01k3E0000090IraQAE,0PS3E0000000FluWAE,0PS5E000000Cm8R,Account,Account.Monthly_Brand_Prescription_BMS_CN__c,TRUE,TRUE
01k3E0000090IsrQAE,0PS3E0000000FluWAE,0PS5E000000Cm8R,Account,Account.Monthly_Out_patients_BMS_CN__c,TRUE,TRUE
01k3E0000090IiwQAE,0PS3E0000000FluWAE,0PS5E000000Cm8R,Account,Account.Monthly_Prescription_Amount_BMS_CN__c,TRUE,TRUE
01k3E0000090IswQAE,0PS3E0000000FluWAE,0PS5E000000Cm8R,Account,Account.Monthly_Taxol_Prescription_BMS_CN__c,TRUE,TRUE
01k3E0000090IsKQAU,0PS3E0000000FluWAE,0PS5E000000Cm8R,Account,Account.Most_Important_Plans_BMS_US__c,TRUE,TRUE
01k3E0000090IrbQAE,0PS3E0000000FluWAE,0PS5E000000Cm8R,Account,Account.NAP_BMS_US__c,TRUE,TRUE
01k3E0000090It1QAE,0PS3E0000000FluWAE,0PS5E000000Cm8R,Account,Account.NationalQ7_BMS_CN__c,TRUE,TRUE
01k3E0000090IsiQAE,0PS3E0000000FluWAE,0PS5E000000Cm8R,Account,Account.NationalQ7_BMS__c,TRUE,TRUE
01k3E0000090It6QAE,0PS3E0000000FluWAE,0PS5E000000Cm8R,Account,Account.NeedApprovalToMedicalPlan_BMS_CN__c,TRUE,TRUE
01k3E0000090ItBQAU,0PS3E0000000FluWAE,0PS5E000000Cm8R,Account,Account.Number_of_Outpatients_BMS_CN__c,TRUE,TRUE
01k3E0000090IixQAE,0PS3E0000000FluWAE,0PS5E000000Cm8R,Account,Account.Nurse_BMS_US__c,TRUE,TRUE
01k3E0000090ItGQAU,0PS3E0000000FluWAE,0PS5E000000Cm8R,Account,Account.Office_Manager_BMS_US__c,TRUE,TRUE
01k3E0000090IrcQAE,0PS3E0000000FluWAE,0PS5E000000Cm8R,Account,Account.Office_Staff_BMS_US_del__c,TRUE,TRUE
01k3E0000090ItLQAU,0PS3E0000000FluWAE,0PS5E000000Cm8R,Account,Account.Other_Admin_Title_BMS_CN__c,TRUE,TRUE
01k3E0000090IsLQAU,0PS3E0000000FluWAE,0PS5E000000Cm8R,Account,Account.Other_BMS_US__c,TRUE,TRUE
01k3E0000090IsnQAE,0PS3E0000000FluWAE,0PS5E000000Cm8R,Account,Account.Other_key_number_BMS_US__c,TRUE,TRUE
01k3E0000090IppQAE,0PS3E0000000FluWAE,0PS5E000000Cm8R,Account,Account.Other_key_number_type_if_applicable_BMS__c,TRUE,TRUE
01k3E0000090IsxQAE,0PS3E0000000FluWAE,0PS5E000000Cm8R,Account,Account.Other_restriction_specif_WARFARIN_BMS_US__c,TRUE,TRUE
01k3E0000090IsoQAE,0PS3E0000000FluWAE,0PS5E000000Cm8R,Account,Account.Other_restriction_specify_PRADAXA_BMS_US__c,TRUE,TRUE
01k3E0000090IlSQAU,0PS3E0000000FluWAE,0PS5E000000Cm8R,Account,Account.Other_restriction_specify_XARELTO_BMS_US__c,TRUE,TRUE
01k3E0000090IoHQAU,0PS3E0000000FluWAE,0PS5E000000Cm8R,Account,Account.PBM_BMS_US__c,TRUE,TRUE
01k3E0000090ItMQAU,0PS3E0000000FluWAE,0PS5E000000Cm8R,Account,Account.PDP_BMS_US__c,TRUE,TRUE
01k3E0000090ItQQAU,0PS3E0000000FluWAE,0PS5E000000Cm8R,Account,Account.PERSON_STATUS_BMS__c,TRUE,TRUE
01k3E0000090IpUQAU,0PS3E0000000FluWAE,0PS5E000000Cm8R,Account,Account.PST_BMS_CA__c,TRUE,TRUE
01k3E0000090InJQAU,0PS3E0000000FluWAE,0PS5E000000Cm8R,Account,Account.Parent_Orgnization_BMS_CN__c,FALSE,TRUE
01k3E0000090IolQAE,0PS3E0000000FluWAE,0PS5E000000Cm8R,Account,Account.Peer_Educator_BMS_US_del__c,TRUE,TRUE
01k3E0000090ItRQAU,0PS3E0000000FluWAE,0PS5E000000Cm8R,Account,Account.Pharmacist_BMS_US_del__c,TRUE,TRUE
01k3E0000090IpBQAU,0PS3E0000000FluWAE,0PS5E000000Cm8R,Account,Account.Pharmacy_BMS_US__c,TRUE,TRUE
01k3E0000090IpHQAU,0PS3E0000000FluWAE,0PS5E000000Cm8R,Account,Account.Phone_MSL_BMS_SHARED__c,TRUE,TRUE
01k3E0000090ImVQAU,0PS3E0000000FluWAE,0PS5E000000Cm8R,Account,Account.Pradaxa_Formulary_Status_BMS_US__c,TRUE,TRUE
01k3E0000090ItVQAU,0PS3E0000000FluWAE,0PS5E000000Cm8R,Account,Account.Pradaxa_Restrictions_BMS_US__c,TRUE,TRUE
01k3E0000090IpCQAU,0PS3E0000000FluWAE,0PS5E000000Cm8R,Account,Account.Preferred_Communication_BMS_US__c,TRUE,TRUE
01k3E0000090IgxQAE,0PS3E0000000FluWAE,0PS5E000000Cm8R,Account,Account.Preferred_Language_BMS_CA__c,TRUE,TRUE
01k3E0000090ItaQAE,0PS3E0000000FluWAE,0PS5E000000Cm8R,Account,Account.Preferred_Statin__c,TRUE,TRUE
01k3E0000090IgyQAE,0PS3E0000000FluWAE,0PS5E000000Cm8R,Account,Account.Prior_Authorization_BMS_US__c,TRUE,TRUE
01k3E0000090IpqQAE,0PS3E0000000FluWAE,0PS5E000000Cm8R,Account,Account.REMS_Material_Provided_BMS_US__c,TRUE,TRUE
01k3E0000090ItfQAE,0PS3E0000000FluWAE,0PS5E000000Cm8R,Account,Account.REYATAZ_Speaker_BMS_SHARED__c,TRUE,TRUE
01k3E0000090ImvQAE,0PS3E0000000FluWAE,0PS5E000000Cm8R,Account,Account.Race_or_Ethnicity_BMS_US__c,TRUE,TRUE
01k3E0000090ItgQAE,0PS3E0000000FluWAE,0PS5E000000Cm8R,Account,Account.Refill_Nurse_BMS_US__c,TRUE,TRUE
01k3E0000090ItkQAE,0PS3E0000000FluWAE,0PS5E000000Cm8R,Account,Account.Restrictions_BMS_US__c,TRUE,TRUE
01k3E0000090ItpQAE,0PS3E0000000FluWAE,0PS5E000000Cm8R,Account,Account.SAP_Vendor_ID_BMS_IC__c,TRUE,TRUE
01k3E0000090IkAQAU,0PS3E0000000FluWAE,0PS5E000000Cm8R,Account,Account.SYMLIN_Speaker_BMS_SHARED__c,TRUE,TRUE
01k3E0000090ItuQAE,0PS3E0000000FluWAE,0PS5E000000Cm8R,Account,Account.Sample_Status_Reason_BMS_SHARED__c,TRUE,TRUE
01k3E0000090IsQQAU,0PS3E0000000FluWAE,0PS5E000000Cm8R,Account,Account.Sample_Supression_Reason_BMS_SHARED__c,TRUE,TRUE
01k3E0000090ItvQAE,0PS3E0000000FluWAE,0PS5E000000Cm8R,Account,Account.Samples_Accepted_BMS_US__c,TRUE,TRUE
01k3E0000090ItqQAE,0PS3E0000000FluWAE,0PS5E000000Cm8R,Account,Account.Scheduling_Contact_BMS_US__c,TRUE,TRUE
01k3E0000090ItzQAE,0PS3E0000000FluWAE,0PS5E000000Cm8R,Account,Account.Service_Coordinator_BMS_US__c,TRUE,TRUE
01k3E0000090InPQAU,0PS3E0000000FluWAE,0PS5E000000Cm8R,Account,Account.Social_Title_BMS_CN__c,TRUE,TRUE
01k3E0000090Iu4QAE,0PS3E0000000FluWAE,0PS5E000000Cm8R,Account,Account.Social_Worker_BMS_US_del__c,TRUE,TRUE
01k3E0000090Iu9QAE,0PS3E0000000FluWAE,0PS5E000000Cm8R,Account,Account.Speaker_BMS_CA__c,TRUE,TRUE
01k3E0000090IqJQAU,0PS3E0000000FluWAE,0PS5E000000Cm8R,Account,Account.Speaker_Level_BMS_CN__c,TRUE,TRUE
01k3E0000090IqiQAE,0PS3E0000000FluWAE,0PS5E000000Cm8R,Account,Account.Sprycel_Profile__c,TRUE,TRUE
01k3E0000090InKQAU,0PS3E0000000FluWAE,0PS5E000000Cm8R,Account,Account.Star_Rating_BMS_US__c,TRUE,TRUE
01k3E0000090IrHQAU,0PS3E0000000FluWAE,0PS5E000000Cm8R,Account,Account.TL_Level_New_BMS_CN__c,TRUE,TRUE
01k3E0000090IuEQAU,0PS3E0000000FluWAE,0PS5E000000Cm8R,Account,Account.TL_Rank_Score_BMS_CN__c,TRUE,TRUE
01k3E0000090IuJQAU,0PS3E0000000FluWAE,0PS5E000000Cm8R,Account,Account.Technical_Title_BMS_CN__c,TRUE,TRUE
01k3E0000090IsTQAU,0PS3E0000000FluWAE,0PS5E000000Cm8R,Account,Account.Title_BMS_US__c,TRUE,TRUE
01k3E0000090IuOQAU,0PS3E0000000FluWAE,0PS5E000000Cm8R,Account,Account.Title_PCAM_BMS_US__c,TRUE,TRUE
01k3E0000090ItrQAE,0PS3E0000000FluWAE,0PS5E000000Cm8R,Account,Account.Top_KOL_BMS_CA__c,TRUE,TRUE
01k3E0000090IuPQAU,0PS3E0000000FluWAE,0PS5E000000Cm8R,Account,Account.Transmission_Category_Female_BMS_US__c,TRUE,TRUE
01k3E0000090IuFQAU,0PS3E0000000FluWAE,0PS5E000000Cm8R,Account,Account.Transmission_Category_Male_BMS_US__c,TRUE,TRUE
01k3E0000090IuKQAU,0PS3E0000000FluWAE,0PS5E000000Cm8R,Account,Account.Type2_Diabetes_Patients_BMS_CN__c,TRUE,TRUE
01k3E0000090IuLQAU,0PS3E0000000FluWAE,0PS5E000000Cm8R,Account,Account.Unique_Record_Count_BMS_US__c,FALSE,TRUE
01k3E0000090IuTQAU,0PS3E0000000FluWAE,0PS5E000000Cm8R,Account,Account.Uses_an_EMR_System_BMS_US__c,TRUE,TRUE
01k3E0000090IsUQAU,0PS3E0000000FluWAE,0PS5E000000Cm8R,Account,Account.Uses_ePrescribing_BMS_US__c,TRUE,TRUE
01k3E0000090IqjQAE,0PS3E0000000FluWAE,0PS5E000000Cm8R,Account,Account.Vouchers_Accepted_BMS_US__c,TRUE,TRUE
01k3E0000090IuYQAU,0PS3E0000000FluWAE,0PS5E000000Cm8R,Account,Account.Warfarin_Sodium_Formulary_Status_BMS_US__c,TRUE,TRUE
01k3E0000090IobQAE,0PS3E0000000FluWAE,0PS5E000000Cm8R,Account,Account.Warfarin_Sodium_Restrictions_BMS_US__c,TRUE,TRUE
01k3E0000090IuMQAU,0PS3E0000000FluWAE,0PS5E000000Cm8R,Account,Account.Weekly_HBV_Out_patients_BMS_CN__c,TRUE,TRUE
01k3E0000090IudQAE,0PS3E0000000FluWAE,0PS5E000000Cm8R,Account,Account.Weekly_Out_Patients_BMS_CN__c,TRUE,TRUE
01k3E0000090IqYQAU,0PS3E0000000FluWAE,0PS5E000000Cm8R,Account,Account.Xarelto_Formulary_Status_AFib_BMS_US__c,TRUE,TRUE
01k3E0000090IrlQAE,0PS3E0000000FluWAE,0PS5E000000Cm8R,Account,Account.Xarelto_Restrictions_AFib_only_BMS_US__c,TRUE,TRUE
01k3E0000090ImWQAU,0PS3E0000000FluWAE,0PS5E000000Cm8R,Account,Account.Yervoy_Profile_BMS__c,TRUE,TRUE
01k3E0000090IhkQAE,0PS3E0000000FluWAE,0PS5E000000Cm8R,Account,Account.ePrescribing_System_in_Use_BMS_US__c,TRUE,TRUE
01k3E0000090IrfQAE,0PS3E0000000FluWAE,0PS5E000000Cm8R,Account,Account.other_restriction_please_specify_BMS_US__c,TRUE,TRUE
01k3E0000090ImHQAU,0PS3E0000000FluWAE,0PS5E000000Cm8R,Account,Account.Access_Profile__c,FALSE,TRUE
01k3E0000090IuiQAE,0PS3E0000000FluWAE,0PS5E000000Cm8R,Account,Account.TL_needs_overdue_BMS_CN__c,FALSE,TRUE
01k3E0000090ItCQAU,0PS3E0000000FluWAE,0PS5E000000Cm8R,Account,Account.is_TL_BMS_CN__c,FALSE,TRUE
01k3E0000090InjQAE,0PS3E0000000FluWAE,0PS5E000000Cm8R,Account,Account.Access_Decision_BMS_CA__c,TRUE,TRUE
01k3E0000090Iu0QAE,0PS3E0000000FluWAE,0PS5E000000Cm8R,Account,Account.HBV_Rating_BMS_US__c,TRUE,TRUE
01k3E0000090IunQAE,0PS3E0000000FluWAE,0PS5E000000Cm8R,Account,Account.HIV_Rating_BMS_US__c,TRUE,TRUE
01k3E0000090It7QAE,0PS3E0000000FluWAE,0PS5E000000Cm8R,Account,Account.InternationalQ1_BMS_CA__c,TRUE,TRUE
01k3E0000090IsYQAU,0PS3E0000000FluWAE,0PS5E000000Cm8R,Account,Account.InternationalQ2_BMS_CA__c,TRUE,TRUE
01k3E0000090IptQAE,0PS3E0000000FluWAE,0PS5E000000Cm8R,Account,Account.InternationalQ3_BMS_CA__c,TRUE,TRUE
01k3E0000090IsZQAU,0PS3E0000000FluWAE,0PS5E000000Cm8R,Account,Account.InternationalQ4_BMS_CA__c,TRUE,TRUE
01k3E0000090IjmQAE,0PS3E0000000FluWAE,0PS5E000000Cm8R,Account,Account.InternationalQ5_BMS_CA__c,TRUE,TRUE
01k3E0000090IusQAE,0PS3E0000000FluWAE,0PS5E000000Cm8R,Account,Account.InternationalQ6_BMS_CA__c,TRUE,TRUE
01k3E0000090IqcQAE,0PS3E0000000FluWAE,0PS5E000000Cm8R,Account,Account.InternationalQ7_BMS_CA__c,TRUE,TRUE
01k3E0000090IqsQAE,0PS3E0000000FluWAE,0PS5E000000Cm8R,Account,Account.InternationalQ8_BMS_CA__c,TRUE,TRUE
01k3E0000090IuxQAE,0PS3E0000000FluWAE,0PS5E000000Cm8R,Account,Account.Principal_Investigator_BMS_CA__c,TRUE,TRUE
01k3E0000090IuoQAE,0PS3E0000000FluWAE,0PS5E000000Cm8R,Account,Account.Recommend_for_Removal_BMS_US__c,TRUE,TRUE
01k3E0000090IpuQAE,0PS3E0000000FluWAE,0PS5E000000Cm8R,Account,Account.Virology_Role_BMS_US__c,TRUE,TRUE
01k3E0000090Iv2QAE,0PS3E0000000FluWAE,0PS5E000000Cm8R,Account,Account.Account_Identifier_vod__c,TRUE,TRUE
01k3E0000090Iv7QAE,0PS3E0000000FluWAE,0PS5E000000Cm8R,Account,Account.Language_vod__c,TRUE,TRUE
01k3E0000090IvCQAU,0PS3E0000000FluWAE,0PS5E000000Cm8R,Account,Account.International_BMS_CA__c,TRUE,TRUE
01k3E0000090Iu1QAE,0PS3E0000000FluWAE,0PS5E000000Cm8R,Account,Account.IsActive_BMS_CN__c,TRUE,TRUE
01k3E0000090IrIQAU,0PS3E0000000FluWAE,0PS5E000000Cm8R,Account,Account.National_BMS_CA__c,TRUE,TRUE
01k3E0000090Iu5QAE,0PS3E0000000FluWAE,0PS5E000000Cm8R,Account,Account.ONYX_Contract_Number_BMS__c,TRUE,TRUE
01k3E0000090IqtQAE,0PS3E0000000FluWAE,0PS5E000000Cm8R,Account,Account.Other_BMS_CA__c,TRUE,TRUE
01k3E0000090InQQAU,0PS3E0000000FluWAE,0PS5E000000Cm8R,Account,Account.Regional_BMS_CA__c,TRUE,TRUE
01k3E0000090IuQQAU,0PS3E0000000FluWAE,0PS5E000000Cm8R,Account,Account.Anzatax_Patients_Share_BMS_CN__c,FALSE,TRUE
01k3E0000090IsMQAU,0PS3E0000000FluWAE,0PS5E000000Cm8R,Account,Account.Anzatax_Potential_Patients__c,TRUE,TRUE
01k3E0000090IvHQAU,0PS3E0000000FluWAE,0PS5E000000Cm8R,Account,Account.Beds_BMS_CN__c,TRUE,TRUE
01k3E0000090IvMQAU,0PS3E0000000FluWAE,0PS5E000000Cm8R,Account,Account.Carboplatin_Imitation_Pat_Share_BMS_CN__c,FALSE,TRUE
01k3E0000090IrgQAE,0PS3E0000000FluWAE,0PS5E000000Cm8R,Account,Account.Carboplatin_Imitation_Pote_Pat_BMS_CN__c,TRUE,TRUE
01k3E0000090IvRQAU,0PS3E0000000FluWAE,0PS5E000000Cm8R,Account,Account.Cash_BMS_US__c,TRUE,TRUE
01k3E0000090IqBQAU,0PS3E0000000FluWAE,0PS5E000000Cm8R,Account,Account.Cisplatin_Patients_Share_BMS_CN__c,FALSE,TRUE
01k3E0000090IvWQAU,0PS3E0000000FluWAE,0PS5E000000Cm8R,Account,Account.Cisplatin_Potential_Patients_BMS_CN__c,TRUE,TRUE
01k3E0000090IvbQAE,0PS3E0000000FluWAE,0PS5E000000Cm8R,Account,Account.Commercial_BMS_US__c,TRUE,TRUE
01k3E0000090IvgQAE,0PS3E0000000FluWAE,0PS5E000000Cm8R,Account,Account.Decision_Making_BMS_CN__c,TRUE,TRUE
01k3E0000090Ii4QAE,0PS3E0000000FluWAE,0PS5E000000Cm8R,Account,Account.Erbitux_CRC_Parent_Product_Rating__c,TRUE,TRUE
01k3E0000090InxQAE,0PS3E0000000FluWAE,0PS5E000000Cm8R,Account,Account.Erbitux_HNK_Parent_Product_Rating__c,TRUE,TRUE
01k3E0000090IvlQAE,0PS3E0000000FluWAE,0PS5E000000Cm8R,Account,Account.HIV_Case_Manager_BMS_US__c,TRUE,TRUE
01k3E0000090IqEQAU,0PS3E0000000FluWAE,0PS5E000000Cm8R,Account,Account.Homemade_Docetaxel_Patients_Share_BMS_CN__c,FALSE,TRUE
01k3E0000090IocQAE,0PS3E0000000FluWAE,0PS5E000000Cm8R,Account,Account.Homemade_Docetaxel_Poten_Patient_BMS_CN__c,TRUE,TRUE
01k3E0000090Io8QAE,0PS3E0000000FluWAE,0PS5E000000Cm8R,Account,Account.Homemade_Paclitaxel_Patient_Share_BMS_CN__c,FALSE,TRUE
01k3E0000090IvqQAE,0PS3E0000000FluWAE,0PS5E000000Cm8R,Account,Account.Homemade_Paclitaxel_Poten_Patient_BMS_CN__c,TRUE,TRUE
01k3E0000090InRQAU,0PS3E0000000FluWAE,0PS5E000000Cm8R,Account,Account.Infusion_Nurse_BMS_US__c,TRUE,TRUE
01k3E0000090InyQAE,0PS3E0000000FluWAE,0PS5E000000Cm8R,Account,Account.Is_KOL_BMS_CN__c,TRUE,TRUE
01k3E0000090IqdQAE,0PS3E0000000FluWAE,0PS5E000000Cm8R,Account,Account.Is_Onglyza_Focus_Doctor_BMS_CN__c,TRUE,TRUE
01k3E0000090IoIQAU,0PS3E0000000FluWAE,0PS5E000000Cm8R,Account,Account.Ixempra_Parent_Product_Rating__c,TRUE,TRUE
01k3E0000090IvvQAE,0PS3E0000000FluWAE,0PS5E000000Cm8R,Account,Account.L_Key_BMS_CN__c,TRUE,TRUE
01k3E0000090IiyQAE,0PS3E0000000FluWAE,0PS5E000000Cm8R,Account,Account.Liposome_Patients_Share_BMS_CN__c,FALSE,TRUE
01k3E0000090IvwQAE,0PS3E0000000FluWAE,0PS5E000000Cm8R,Account,Account.Liposome_Potential_Patients_BMS_CN__c,TRUE,TRUE
01k3E0000090IvNQAU,0PS3E0000000FluWAE,0PS5E000000Cm8R,Account,Account.Medicaid_BMS_US__c,TRUE,TRUE
01k3E0000090IqeQAE,0PS3E0000000FluWAE,0PS5E000000Cm8R,Account,Account.Medical_Technician_BMS_US__c,TRUE,TRUE
01k3E0000090IrhQAE,0PS3E0000000FluWAE,0PS5E000000Cm8R,Account,Account.Medicare_BMS_US__c,TRUE,TRUE
01k3E0000090IvrQAE,0PS3E0000000FluWAE,0PS5E000000Cm8R,Account,Account.Monthly_Anzatax_BMS_CN__c,TRUE,TRUE
01k3E0000090IftQAE,0PS3E0000000FluWAE,0PS5E000000Cm8R,Account,Account.Monthly_Carboplatin_Imitation_BMS_CN__c,TRUE,TRUE
01k3E0000090IvcQAE,0PS3E0000000FluWAE,0PS5E000000Cm8R,Account,Account.Monthly_Cisplatin_BMS_CN__c,TRUE,TRUE
01k3E0000090IqKQAU,0PS3E0000000FluWAE,0PS5E000000Cm8R,Account,Account.Monthly_Homemade_Docetaxel_BMS_CN__c,TRUE,TRUE
01k3E0000090Iw0QAE,0PS3E0000000FluWAE,0PS5E000000Cm8R,Account,Account.Monthly_Homemade_Paclitaxel_BMS_CN__c,TRUE,TRUE
01k3E0000090InzQAE,0PS3E0000000FluWAE,0PS5E000000Cm8R,Account,Account.Monthly_Liposome_BMS_CN__c,TRUE,TRUE
01k3E0000090Iw5QAE,0PS3E0000000FluWAE,0PS5E000000Cm8R,Account,Account.Monthly_Nedaplatin_BMS_CN__c,TRUE,TRUE
01k3E0000090IwAQAU,0PS3E0000000FluWAE,0PS5E000000Cm8R,Account,Account.Monthly_Operations_BMS_CN__c,TRUE,TRUE
01k3E0000090Ii5QAE,0PS3E0000000FluWAE,0PS5E000000Cm8R,Account,Account.Monthly_Paclitaxel_BMS_CN__c,TRUE,TRUE
01k3E0000090IpIQAU,0PS3E0000000FluWAE,0PS5E000000Cm8R,Account,Account.Monthly_Paraplatin_Prescription_BMS_CN__c,TRUE,TRUE
01k3E0000090IwFQAU,0PS3E0000000FluWAE,0PS5E000000Cm8R,Account,Account.Monthly_Taxotere_BMS_CN__c,TRUE,TRUE
01k3E0000090IwKQAU,0PS3E0000000FluWAE,0PS5E000000Cm8R,Account,Account.Nedaplatin_Patients_Share_BMS_CN__c,FALSE,TRUE
01k3E0000090IpvQAE,0PS3E0000000FluWAE,0PS5E000000Cm8R,Account,Account.Nedaplatin_Potential_Patients_BMS_CN__c,TRUE,TRUE
01k3E0000090ItwQAE,0PS3E0000000FluWAE,0PS5E000000Cm8R,Account,Account.Nurse_Practitioner_BMS_US__c,TRUE,TRUE
01k3E0000090Ij7QAE,0PS3E0000000FluWAE,0PS5E000000Cm8R,Account,Account.Nurse_Practitioner_BMS_US_del__c,TRUE,TRUE
01k3E0000090Ij8QAE,0PS3E0000000FluWAE,0PS5E000000Cm8R,Account,Account.Paclitaxel_Patients_Share_BMS_CN__c,FALSE,TRUE
01k3E0000090IwPQAU,0PS3E0000000FluWAE,0PS5E000000Cm8R,Account,Account.Paclitaxel_Potential_Patients_BMS_CN__c,TRUE,TRUE
01k3E0000090IkvQAE,0PS3E0000000FluWAE,0PS5E000000Cm8R,Account,Account.Paraplatin_Level_BMS_CN__c,FALSE,TRUE
01k3E0000090IizQAE,0PS3E0000000FluWAE,0PS5E000000Cm8R,Account,Account.Paraplatin_Patients_Share_BMS_CN__c,FALSE,TRUE
01k3E0000090IpKQAU,0PS3E0000000FluWAE,0PS5E000000Cm8R,Account,Account.Paraplatin_Potential_Patients_BMS_CN__c,TRUE,TRUE
01k3E0000090IqkQAE,0PS3E0000000FluWAE,0PS5E000000Cm8R,Account,Account.RN_Care_Manager_BMS_US__c,TRUE,TRUE
01k3E0000090IwUQAU,0PS3E0000000FluWAE,0PS5E000000Cm8R,Account,Account.RN_Care_Manager_BMS_US_del__c,TRUE,TRUE
01k3E0000090IpDQAU,0PS3E0000000FluWAE,0PS5E000000Cm8R,Account,Account.Sprycel_Parent_Product_Rating__c,TRUE,TRUE
01k3E0000090IwZQAU,0PS3E0000000FluWAE,0PS5E000000Cm8R,Account,Account.Taxol_Level_BMS_CN__c,FALSE,TRUE
01k3E0000090IgmQAE,0PS3E0000000FluWAE,0PS5E000000Cm8R,Account,Account.Taxol_Patients_Share_BMS_CN__c,FALSE,TRUE
01k3E0000090IweQAE,0PS3E0000000FluWAE,0PS5E000000Cm8R,Account,Account.Taxol_Potential_Patients_BMS_CN__c,TRUE,TRUE
01k3E0000090IvOQAU,0PS3E0000000FluWAE,0PS5E000000Cm8R,Account,Account.Taxotere_Patients_Share_BMS_CN__c,FALSE,TRUE
01k3E0000090IwjQAE,0PS3E0000000FluWAE,0PS5E000000Cm8R,Account,Account.Taxotere_Potential_Patients_BMS_CN__c,TRUE,TRUE
01k3E0000090IwoQAE,0PS3E0000000FluWAE,0PS5E000000Cm8R,Account,Account.Therapeutic_Class_BMS_US__c,TRUE,TRUE
01k3E0000090IwaQAE,0PS3E0000000FluWAE,0PS5E000000Cm8R,Account,Account.Yervoy_Parent_Product_Rating__c,TRUE,TRUE
01k3E0000090IwtQAE,0PS3E0000000FluWAE,0PS5E000000Cm8R,Account,Account.Abilify_Drop_BMS_US__c,TRUE,TRUE
01k3E0000090IgnQAE,0PS3E0000000FluWAE,0PS5E000000Cm8R,Account,Account.Account_Financial_Situation_BMS_EMEA__c,TRUE,TRUE
01k3E0000090IwyQAE,0PS3E0000000FluWAE,0PS5E000000Cm8R,Account,Account.Bydureon_Quintile_BMS_US__c,TRUE,TRUE
01k3E0000090Ix3QAE,0PS3E0000000FluWAE,0PS5E000000Cm8R,Account,Account.Bydureon_Rating_BMS_US__c,TRUE,TRUE
01k3E0000090Ix8QAE,0PS3E0000000FluWAE,0PS5E000000Cm8R,Account,Account.Bydureon_Segment_BMS_US__c,TRUE,TRUE
01k3E0000090IwVQAU,0PS3E0000000FluWAE,0PS5E000000Cm8R,Account,Account.Byetta_Quintile_BMS_US__c,TRUE,TRUE
01k3E0000090IvdQAE,0PS3E0000000FluWAE,0PS5E000000Cm8R,Account,Account.Byetta_Rating_BMS_US__c,TRUE,TRUE
01k3E0000090IgoQAE,0PS3E0000000FluWAE,0PS5E000000Cm8R,Account,Account.Byetta_Segment_BMS_US__c,TRUE,TRUE
01k3E0000090IwBQAU,0PS3E0000000FluWAE,0PS5E000000Cm8R,Account,Account.COT_BMS_US__c,TRUE,TRUE
01k3E0000090IveQAE,0PS3E0000000FluWAE,0PS5E000000Cm8R,Account,Account.DAI_Scoring_BMS_EMEA__c,TRUE,TRUE
01k3E0000090IxDQAU,0PS3E0000000FluWAE,0PS5E000000Cm8R,Account,Account.Disease_Area_Training_BMS_EMEA__c,TRUE,TRUE
01k3E0000090IvDQAU,0PS3E0000000FluWAE,0PS5E000000Cm8R,Account,Account.Eliquis_Rating_BMS_US__c,TRUE,TRUE
01k3E0000090IvsQAE,0PS3E0000000FluWAE,0PS5E000000Cm8R,Account,Account.Formulary_Decision_BMS_US__c,TRUE,TRUE
01k3E0000090IxIQAU,0PS3E0000000FluWAE,0PS5E000000Cm8R,Account,Account.GPO_KAM_BMS_US__c,TRUE,TRUE
01k3E0000090IvtQAE,0PS3E0000000FluWAE,0PS5E000000Cm8R,Account,Account.KAM_Account_Types_BMS_US__c,TRUE,TRUE
01k3E0000090IxNQAU,0PS3E0000000FluWAE,0PS5E000000Cm8R,Account,Account.KAM_Contract_Effective_Date_BMS_US__c,TRUE,TRUE
01k3E0000090IxSQAU,0PS3E0000000FluWAE,0PS5E000000Cm8R,Account,Account.KAM_Contract_Status_BMS_US__c,TRUE,TRUE
01k3E0000090IrmQAE,0PS3E0000000FluWAE,0PS5E000000Cm8R,Account,Account.KAM_Restriction_Comments_BMS_US__c,TRUE,TRUE
01k3E0000090ItSQAU,0PS3E0000000FluWAE,0PS5E000000Cm8R,Account,Account.Kombiglyze_XR_Quintile_BMS_US__c,TRUE,TRUE
01k3E0000090Ix9QAE,0PS3E0000000FluWAE,0PS5E000000Cm8R,Account,Account.Kombiglyze_XR_Rating_BMS_US__c,TRUE,TRUE
01k3E0000090IxXQAU,0PS3E0000000FluWAE,0PS5E000000Cm8R,Account,Account.Kombiglyze_XR_Segment_BMS_US__c,TRUE,TRUE
01k3E0000090IxcQAE,0PS3E0000000FluWAE,0PS5E000000Cm8R,Account,Account.Onglyza_Quintile_BMS_US__c,TRUE,TRUE
01k3E0000090IvIQAU,0PS3E0000000FluWAE,0PS5E000000Cm8R,Account,Account.Onglyza_Rating_BMS_US__c,TRUE,TRUE
01k3E0000090IwWQAU,0PS3E0000000FluWAE,0PS5E000000Cm8R,Account,Account.Onglyza_Segment_BMS_US__c,TRUE,TRUE
01k3E0000090IsjQAE,0PS3E0000000FluWAE,0PS5E000000Cm8R,Account,Account.Pradaxa_KAM_Restriction_Comments_BMS_US__c,TRUE,TRUE
01k3E0000090IxOQAU,0PS3E0000000FluWAE,0PS5E000000Cm8R,Account,Account.Primary_Parent_BMS_US__c,FALSE,TRUE
01k3E0000090IxhQAE,0PS3E0000000FluWAE,0PS5E000000Cm8R,Account,Account.Primary_Wholesaler_BMS_US__c,TRUE,TRUE
01k3E0000090IvJQAU,0PS3E0000000FluWAE,0PS5E000000Cm8R,Account,Account.Share_of_Paraplatin_Patients__c,TRUE,TRUE
01k3E0000090Iv3QAE,0PS3E0000000FluWAE,0PS5E000000Cm8R,Account,Account.Share_of_Taxol_Patients_BMS_CN__c,TRUE,TRUE
01k3E0000090IxmQAE,0PS3E0000000FluWAE,0PS5E000000Cm8R,Account,Account.Sub_Systems_BMS_Us__c,TRUE,TRUE
01k3E0000090IriQAE,0PS3E0000000FluWAE,0PS5E000000Cm8R,Account,Account.Symlin_Quintile_BMS_US__c,TRUE,TRUE
01k3E0000090IkwQAE,0PS3E0000000FluWAE,0PS5E000000Cm8R,Account,Account.Symlin_Rating_BMS_US__c,TRUE,TRUE
01k3E0000090IvuQAE,0PS3E0000000FluWAE,0PS5E000000Cm8R,Account,Account.Symlin_Segment_BMS_US__c,TRUE,TRUE
01k3E0000090IxrQAE,0PS3E0000000FluWAE,0PS5E000000Cm8R,Account,Account.Warfarin_Sodium_KAM_Restriction_BMS_US__c,TRUE,TRUE
01k3E0000090IxJQAU,0PS3E0000000FluWAE,0PS5E000000Cm8R,Account,Account.Xarelto_KAM_Restriction_Comments_BMS_US__c,TRUE,TRUE
01k3E0000090IxwQAE,0PS3E0000000FluWAE,0PS5E000000Cm8R,Account,Account.Congress_Debriefs_BMS_EMEA__c,TRUE,TRUE
01k3E0000090IskQAE,0PS3E0000000FluWAE,0PS5E000000Cm8R,Account,Account.HEOR_information_BMS_EMEA__c,TRUE,TRUE
01k3E0000090Iy1QAE,0PS3E0000000FluWAE,0PS5E000000Cm8R,Account,Account.Med_Ed_on_Compound_BMS_EMEA__c,TRUE,TRUE
01k3E0000090IuRQAU,0PS3E0000000FluWAE,0PS5E000000Cm8R,Account,Account.Pipeline_updates_BMS_EMEA__c,TRUE,TRUE
01k3E0000090Iy6QAE,0PS3E0000000FluWAE,0PS5E000000Cm8R,Account,Account.Study_updates_on_BMS_Trials_BMS_EMEA__c,TRUE,TRUE
01k3E0000090IxsQAE,0PS3E0000000FluWAE,0PS5E000000Cm8R,Account,Account.Last_Interaction_Submitted_BMS_EMEA__c,FALSE,TRUE
01k3E0000090IxTQAU,0PS3E0000000FluWAE,0PS5E000000Cm8R,Account,Account.Stakeholder_Engagement_Plan_BMS_EMEA__c,TRUE,TRUE
01k3E0000090ImNQAU,0PS3E0000000FluWAE,0PS5E000000Cm8R,Account,Account.Individual_Account_Type_BMS_EMEA__c,TRUE,TRUE
01k3E0000090IyBQAU,0PS3E0000000FluWAE,0PS5E000000Cm8R,Account,Account.Last_Update_Date_BMS_EMEA__c,TRUE,TRUE
01k3E0000090IvxQAE,0PS3E0000000FluWAE,0PS5E000000Cm8R,Account,Account.Local_ID_BMS_EMEA__c,TRUE,TRUE
01k3E0000090IyGQAU,0PS3E0000000FluWAE,0PS5E000000Cm8R,Account,Account.No_Profiling_Consent_Granted_BMS_EMEA__c,TRUE,TRUE
01k3E0000090IvyQAE,0PS3E0000000FluWAE,0PS5E000000Cm8R,Account,Account.Specialty_BMS_EMEA__c,TRUE,TRUE
01k3E0000090IyLQAU,0PS3E0000000FluWAE,0PS5E000000Cm8R,Account,Account.Title_BMS_EMEA__c,TRUE,TRUE
01k3E0000090IrLQAU,0PS3E0000000FluWAE,0PS5E000000Cm8R,Account,Account.Organization_Account_Type_BMS_EMEA__c,TRUE,TRUE
01k3E0000090IyQQAU,0PS3E0000000FluWAE,0PS5E000000Cm8R,Account,Account.Access_Stakeholder_Engagement_Plan__c,TRUE,TRUE
01k3E0000090IxnQAE,0PS3E0000000FluWAE,0PS5E000000Cm8R,Account,Account.Customer_Engagement_Plan_BME_EMEA__c,TRUE,TRUE
01k3E0000090IyVQAU,0PS3E0000000FluWAE,0PS5E000000Cm8R,Account,Account.Fax_Access_BMS_EMEA__c,TRUE,TRUE
01k3E0000090IvmQAE,0PS3E0000000FluWAE,0PS5E000000Cm8R,Account,Account.Mobile_Access_BME_EMEA__c,TRUE,TRUE
01k3E0000090IxEQAU,0PS3E0000000FluWAE,0PS5E000000Cm8R,Account,Account.On_Medical_Plan_BMS_EMEA__c,TRUE,TRUE
01k3E0000090IyWQAU,0PS3E0000000FluWAE,0PS5E000000Cm8R,Account,Account.Phone_Access_BME_EMEA__c,TRUE,TRUE
01k3E0000090IwQQAU,0PS3E0000000FluWAE,0PS5E000000Cm8R,Account,Account.Request_Comments_BMS_EMEA__c,TRUE,TRUE
01k3E0000090IutQAE,0PS3E0000000FluWAE,0PS5E000000Cm8R,Account,Account.Profiling_Category_BMS_EMEA__c,TRUE,TRUE
01k3E0000090IyaQAE,0PS3E0000000FluWAE,0PS5E000000Cm8R,Account,Account.Clinical_Trial_Participation_BMS_EMEA__c,TRUE,TRUE
01k3E0000090IyfQAE,0PS3E0000000FluWAE,0PS5E000000Cm8R,Account,Account.Access_Category_BMS_EMEA__c,TRUE,TRUE
01k3E0000090IwfQAE,0PS3E0000000FluWAE,0PS5E000000Cm8R,Account,Account.Email_Organization_BMS_SHARED__c,TRUE,TRUE
01k3E0000090IthQAE,0PS3E0000000FluWAE,0PS5E000000Cm8R,Account,Account.Specialty_2_BMS_EMEA__c,TRUE,TRUE
01k3E0000090IykQAE,0PS3E0000000FluWAE,0PS5E000000Cm8R,Account,Account.Preferred_Channel_BMS_EMEA__c,TRUE,TRUE
01k3E0000090IypQAE,0PS3E0000000FluWAE,0PS5E000000Cm8R,Account,Account.Email_text_format_BMS_SHARED__c,TRUE,TRUE
01k3E0000090IxAQAU,0PS3E0000000FluWAE,0PS5E000000Cm8R,Account,Account.Authorization_talk_to_Nurses_BMS_EMEA_NL__c,TRUE,TRUE
01k3E0000090IuGQAU,0PS3E0000000FluWAE,0PS5E000000Cm8R,Account,Account.Profiling_Check_Performed_BMS_EMEA_ES__c,TRUE,TRUE
01k3E0000090IyuQAE,0PS3E0000000FluWAE,0PS5E000000Cm8R,Account,Account.zDELETE_Email_Access_BMS_EMEA__c,TRUE,TRUE
01k3E0000090InBQAU,0PS3E0000000FluWAE,0PS5E000000Cm8R,Account,Account.Meeting_consent_denied_BMS_EMEA__c,TRUE,TRUE
01k3E0000090IyzQAE,0PS3E0000000FluWAE,0PS5E000000Cm8R,Account,Account.Approved_Email_Opt_Type_vod__c,TRUE,TRUE
01k3E0000090IyXQAU,0PS3E0000000FluWAE,0PS5E000000Cm8R,Account,Account.Thought_Leader_Specialization_BMS_EMEA__c,TRUE,TRUE
01k3E0000090Iz0QAE,0PS3E0000000FluWAE,0PS5E000000Cm8R,Account,Account.Education_BMS_US__c,TRUE,TRUE
01k3E0000090Iz4QAE,0PS3E0000000FluWAE,0PS5E000000Cm8R,Account,Account.Other_Areas_of_Work_BMS_EMEA__c,TRUE,TRUE
01k3E0000090IylQAE,0PS3E0000000FluWAE,0PS5E000000Cm8R,Account,Account.Speaker_BMS_EMEA__c,TRUE,TRUE
01k3E0000090IyCQAU,0PS3E0000000FluWAE,0PS5E000000Cm8R,Account,Account.DHG_BMS_EMEA__c,TRUE,TRUE
01k3E0000090Io9QAE,0PS3E0000000FluWAE,0PS5E000000Cm8R,Account,Account.Profiling_Subtype_BMS_EMEA__c,TRUE,TRUE
01k3E0000090IpeQAE,0PS3E0000000FluWAE,0PS5E000000Cm8R,Account,Account.Phone_Primary_Workplace_BMS_EMEA__c,FALSE,TRUE
01k3E0000090IkhQAE,0PS3E0000000FluWAE,0PS5E000000Cm8R,Account,Account.Specialty_formula_BMS_EMEA__c,FALSE,TRUE
01k3E0000090It2QAE,0PS3E0000000FluWAE,0PS5E000000Cm8R,Account,Account.Specialty_2_formula_BMS_EMEA__c,FALSE,TRUE
01k3E0000090ItiQAE,0PS3E0000000FluWAE,0PS5E000000Cm8R,Account,Account.Individual_Account_Type_formula_BMS_EMEA__c,FALSE,TRUE
01k3E0000090Iz9QAE,0PS3E0000000FluWAE,0PS5E000000Cm8R,Account,Account.Organizati_Account_Type_formula_BMS_EMEA__c,FALSE,TRUE
01k3E0000090IpfQAE,0PS3E0000000FluWAE,0PS5E000000Cm8R,Account,Account.Customer_Master_Status_vod__c,TRUE,TRUE
01k3E0000090IoAQAU,0PS3E0000000FluWAE,0PS5E000000Cm8R,Account,Account.OneKey_ID_BMS_CORE__c,TRUE,TRUE
01k3E0000090IzEQAU,0PS3E0000000FluWAE,0PS5E000000Cm8R,Account,Account.Do_Not_Email_BMS_EMEA__c,TRUE,TRUE
01k3E0000090IymQAE,0PS3E0000000FluWAE,0PS5E000000Cm8R,Account,Account.Title_formula_BMS_EMEA__c,FALSE,TRUE
01k3E0000090IxtQAE,0PS3E0000000FluWAE,0PS5E000000Cm8R,Account,Account.CLM_Opt_Type_vod__c,TRUE,TRUE
01k3E0000090IzJQAU,0PS3E0000000FluWAE,0PS5E000000Cm8R,Account,Account.Master_Align_Id_vod__c,TRUE,TRUE
01k3E0000090IzOQAU,0PS3E0000000FluWAE,0PS5E000000Cm8R,Account,Account.Brick_BMS_EMEA__c,TRUE,TRUE
01k3E0000090IzTQAU,0PS3E0000000FluWAE,0PS5E000000Cm8R,Account,Account.Email_text_rep_maintained_BMS_EMEA__c,TRUE,TRUE
01k3E0000090IyRQAU,0PS3E0000000FluWAE,0PS5E000000Cm8R,Account,Account.Monthly_Visit_Pressure_BMS_EMEA__c,TRUE,TRUE
01k3E0000090Iy2QAE,0PS3E0000000FluWAE,0PS5E000000Cm8R,Account,Account.Potential_BMS_EMEA__c,TRUE,TRUE
01k3E0000090IzYQAU,0PS3E0000000FluWAE,0PS5E000000Cm8R,Account,Account.Birthdate_BMS_SHARED__c,TRUE,TRUE
01k3E0000090IuHQAU,0PS3E0000000FluWAE,0PS5E000000Cm8R,Account,Account.Country_vod__c,TRUE,TRUE
01k3E0000090IwRQAU,0PS3E0000000FluWAE,0PS5E000000Cm8R,Account,Account.Primary_Workplace_One_Key_ID_BMS_EMEA__c,FALSE,TRUE
01k3E0000090IzdQAE,0PS3E0000000FluWAE,0PS5E000000Cm8R,Account,Account.Customer_Type_BMS_EMEA__c,FALSE,TRUE
01k3E0000090IxiQAE,0PS3E0000000FluWAE,0PS5E000000Cm8R,Account,Account.Career_Status_vod__c,TRUE,TRUE
01k3E0000090IziQAE,0PS3E0000000FluWAE,0PS5E000000Cm8R,Account,Account.Photo_vod__c,TRUE,TRUE
01k3E0000090IznQAE,0PS3E0000000FluWAE,0PS5E000000Cm8R,Account,Account.Organization_Sub_Type_BMS_EMEA__c,TRUE,TRUE
01k3E0000090IyMQAU,0PS3E0000000FluWAE,0PS5E000000Cm8R,Account,Account.Professional_Role_Code_BMS_EMEA__c,TRUE,TRUE
01k3E0000090IzsQAE,0PS3E0000000FluWAE,0PS5E000000Cm8R,Account,Account.AccountNumber,TRUE,TRUE
01k3E0000090Iz1QAE,0PS3E0000000FluWAE,0PS5E000000Cm8R,Account,Account.AccountSource,TRUE,TRUE
01k3E0000090IupQAE,0PS3E0000000FluWAE,0PS5E000000Cm8R,Account,Account.AnnualRevenue,TRUE,TRUE
01k3E0000090IxjQAE,0PS3E0000000FluWAE,0PS5E000000Cm8R,Account,Account.BillingAddress,TRUE,TRUE
01k3E0000090IzxQAE,0PS3E0000000FluWAE,0PS5E000000Cm8R,Account,Account.Description,TRUE,TRUE
01k3E0000090IyHQAU,0PS3E0000000FluWAE,0PS5E000000Cm8R,Account,Account.Fax,TRUE,TRUE
01k3E0000090Ih7QAE,0PS3E0000000FluWAE,0PS5E000000Cm8R,Account,Account.Industry,TRUE,TRUE
01k3E0000090IvfQAE,0PS3E0000000FluWAE,0PS5E000000Cm8R,Account,Account.IsExcludedFromRealign,TRUE,TRUE
01k3E0000090J02QAE,0PS3E0000000FluWAE,0PS5E000000Cm8R,Account,Account.Jigsaw,TRUE,TRUE
01k3E0000090J07QAE,0PS3E0000000FluWAE,0PS5E000000Cm8R,Account,Account.NumberOfEmployees,TRUE,TRUE
01k3E0000090IzyQAE,0PS3E0000000FluWAE,0PS5E000000Cm8R,Account,Account.Ownership,TRUE,TRUE
01k3E0000090J0CQAU,0PS3E0000000FluWAE,0PS5E000000Cm8R,Account,Account.Parent,TRUE,TRUE
01k3E0000090IxkQAE,0PS3E0000000FluWAE,0PS5E000000Cm8R,Account,Account.Phone,TRUE,TRUE
01k3E0000090J0HQAU,0PS3E0000000FluWAE,0PS5E000000Cm8R,Account,Account.Rating,TRUE,TRUE
01k3E0000090IxBQAU,0PS3E0000000FluWAE,0PS5E000000Cm8R,Account,Account.ShippingAddress,TRUE,TRUE
01k3E0000090J0MQAU,0PS3E0000000FluWAE,0PS5E000000Cm8R,Account,Account.Sic,TRUE,TRUE
01k3E0000090J0RQAU,0PS3E0000000FluWAE,0PS5E000000Cm8R,Account,Account.SicDesc,TRUE,TRUE
01k3E0000090J0WQAU,0PS3E0000000FluWAE,0PS5E000000Cm8R,Account,Account.Site,TRUE,TRUE
01k3E0000090J0bQAE,0PS3E0000000FluWAE,0PS5E000000Cm8R,Account,Account.TickerSymbol,TRUE,TRUE
01k3E0000090ItbQAE,0PS3E0000000FluWAE,0PS5E000000Cm8R,Account,Account.Type,TRUE,TRUE
01k3E0000090J0gQAE,0PS3E0000000FluWAE,0PS5E000000Cm8R,Account,Account.Website,TRUE,TRUE