Field,ParentId,PermissionsEdit,PermissionsRead,SobjectType
Address_vod__c.Role_BMS_EMEA__c,0PS3E0000000FluWAE,TRUE,TRUE,Address_vod__c
Address_vod__c.Role_formula_BMS_EMEA__c,0PS3E0000000FluWAE,FALSE,TRUE,Address_vod__c
Address_vod__c.State_BMS_EMEA__c,0PS3E0000000FluWAE,TRUE,TRUE,Address_vod__c
Address_vod__c.State_formula_BMS_EMEA__c,0PS3E0000000FluWAE,FALSE,TRUE,Address_vod__c
Address_vod__c.CDS_Status_vod__c,0PS3E0000000FluWAE,TRUE,TRUE,Address_vod__c
Address_vod__c.Building_Name_BMS_EMEA__c,0PS3E0000000FluWAE,TRUE,TRUE,Address_vod__c
Address_vod__c.Region_BMS_EMEA__c,0PS3E0000000FluWAE,TRUE,TRUE,Address_vod__c
Address_vod__c.Status_BMS__c,0PS3E0000000FluWAE,TRUE,TRUE,Address_vod__c
Address_vod__c.Concatenated_Address_BMS__c,0PS3E0000000FluWAE,TRUE,TRUE,Address_vod__c
Address_vod__c.Address_line_2_vod__c,0PS3E0000000FluWAE,TRUE,TRUE,Address_vod__c
Address_vod__c.City_vod__c,0PS3E0000000FluWAE,TRUE,TRUE,Address_vod__c
Address_vod__c.Fax_vod__c,0PS3E0000000FluWAE,TRUE,TRUE,Address_vod__c
Address_vod__c.Map_vod__c,0PS3E0000000FluWAE,FALSE,TRUE,Address_vod__c
Address_vod__c.Phone_vod__c,0PS3E0000000FluWAE,TRUE,TRUE,Address_vod__c
Address_vod__c.Comment_vod__c,0PS3E0000000FluWAE,TRUE,TRUE,Address_vod__c
Address_vod__c.Primary_vod__c,0PS3E0000000FluWAE,TRUE,TRUE,Address_vod__c
Address_vod__c.Staff_notes_vod__c,0PS3E0000000FluWAE,TRUE,TRUE,Address_vod__c
Address_vod__c.Appt_Required_vod__c,0PS3E0000000FluWAE,TRUE,TRUE,Address_vod__c
Address_vod__c.Office_Notes_vod__c,0PS3E0000000FluWAE,TRUE,TRUE,Address_vod__c
Address_vod__c.Zip_4_vod__c,0PS3E0000000FluWAE,TRUE,TRUE,Address_vod__c
Address_vod__c.Phone_2_vod__c,0PS3E0000000FluWAE,TRUE,TRUE,Address_vod__c
Address_vod__c.Fax_2_vod__c,0PS3E0000000FluWAE,TRUE,TRUE,Address_vod__c
Address_vod__c.State_vod__c,0PS3E0000000FluWAE,TRUE,TRUE,Address_vod__c
Address_vod__c.Zip_vod__c,0PS3E0000000FluWAE,TRUE,TRUE,Address_vod__c
Address_vod__c.Best_Times_vod__c,0PS3E0000000FluWAE,TRUE,TRUE,Address_vod__c
Address_vod__c.Source_vod__c,0PS3E0000000FluWAE,TRUE,TRUE,Address_vod__c
Address_vod__c.Business_vod__c,0PS3E0000000FluWAE,TRUE,TRUE,Address_vod__c
Address_vod__c.Mailing_vod__c,0PS3E0000000FluWAE,TRUE,TRUE,Address_vod__c
Address_vod__c.Billing_vod__c,0PS3E0000000FluWAE,TRUE,TRUE,Address_vod__c
Address_vod__c.Home_vod__c,0PS3E0000000FluWAE,TRUE,TRUE,Address_vod__c
Address_vod__c.Shipping_vod__c,0PS3E0000000FluWAE,TRUE,TRUE,Address_vod__c
Address_vod__c.Latitude_vod__c,0PS3E0000000FluWAE,TRUE,TRUE,Address_vod__c
Address_vod__c.Longitude_vod__c,0PS3E0000000FluWAE,TRUE,TRUE,Address_vod__c
Address_vod__c.External_ID_vod__c,0PS3E0000000FluWAE,TRUE,TRUE,Address_vod__c
Address_vod__c.DEA_vod__c,0PS3E0000000FluWAE,TRUE,TRUE,Address_vod__c
Address_vod__c.Sample_Status_vod__c,0PS3E0000000FluWAE,FALSE,TRUE,Address_vod__c
Address_vod__c.DEA_Expiration_Date_vod__c,0PS3E0000000FluWAE,TRUE,TRUE,Address_vod__c
Address_vod__c.DEA_License_Address_vod__c,0PS3E0000000FluWAE,TRUE,TRUE,Address_vod__c
Address_vod__c.License_vod__c,0PS3E0000000FluWAE,TRUE,TRUE,Address_vod__c
Address_vod__c.License_Expiration_Date_vod__c,0PS3E0000000FluWAE,TRUE,TRUE,Address_vod__c
Address_vod__c.License_Status_vod__c,0PS3E0000000FluWAE,TRUE,TRUE,Address_vod__c
Address_vod__c.License_Valid_To_Sample_vod__c,0PS3E0000000FluWAE,FALSE,TRUE,Address_vod__c
Address_vod__c.Include_in_Territory_Assignment_vod__c,0PS3E0000000FluWAE,TRUE,TRUE,Address_vod__c
Address_vod__c.Mobile_ID_vod__c,0PS3E0000000FluWAE,TRUE,TRUE,Address_vod__c
Address_vod__c.Inactive_vod__c,0PS3E0000000FluWAE,TRUE,TRUE,Address_vod__c
Address_vod__c.Lock_vod__c,0PS3E0000000FluWAE,TRUE,TRUE,Address_vod__c
Address_vod__c.Country_vod__c,0PS3E0000000FluWAE,TRUE,TRUE,Address_vod__c
Address_vod__c.Brick_vod__c,0PS3E0000000FluWAE,TRUE,TRUE,Address_vod__c
Address_vod__c.ASSMCA_vod__c,0PS3E0000000FluWAE,TRUE,TRUE,Address_vod__c
Address_vod__c.DEA_Address_vod__c,0PS3E0000000FluWAE,TRUE,TRUE,Address_vod__c
Address_vod__c.DEA_Schedule_vod__c,0PS3E0000000FluWAE,TRUE,TRUE,Address_vod__c
Address_vod__c.DEA_Status_vod__c,0PS3E0000000FluWAE,TRUE,TRUE,Address_vod__c
Address_vod__c.Entity_Reference_Id_vod__c,0PS3E0000000FluWAE,TRUE,TRUE,Address_vod__c
Address_vod__c.Controlling_Address_vod__c,0PS3E0000000FluWAE,TRUE,TRUE,Address_vod__c
Address_vod__c.Controlled_Address_vod__c,0PS3E0000000FluWAE,TRUE,TRUE,Address_vod__c
Address_vod__c.No_Address_Copy_vod__c,0PS3E0000000FluWAE,TRUE,TRUE,Address_vod__c
Address_vod__c.Office_BMS__c,0PS3E0000000FluWAE,TRUE,TRUE,Address_vod__c
Address_vod__c.Allow_Luncheon_BMS__c,0PS3E0000000FluWAE,TRUE,TRUE,Address_vod__c
Address_vod__c.Flagged_for_Delete_On_BMS__c,0PS3E0000000FluWAE,TRUE,TRUE,Address_vod__c
Address_vod__c.Sample_Send_Status_vod__c,0PS3E0000000FluWAE,TRUE,TRUE,Address_vod__c
Address_vod__c.ADDRESS_LINE_3_BMS__c,0PS3E0000000FluWAE,TRUE,TRUE,Address_vod__c
Address_vod__c.Address_Source_Country_BMS_CORE__c,0PS3E0000000FluWAE,TRUE,TRUE,Address_vod__c
Address_vod__c.Address_Status_BMS_CORE__c,0PS3E0000000FluWAE,TRUE,TRUE,Address_vod__c
Address_vod__c.Address_Type_BMS_CORE__c,0PS3E0000000FluWAE,TRUE,TRUE,Address_vod__c
Address_vod__c.Contact_Name_BMS_CA__c,0PS3E0000000FluWAE,TRUE,TRUE,Address_vod__c
Address_vod__c.Contact_Title_BMS_CA__c,0PS3E0000000FluWAE,TRUE,TRUE,Address_vod__c
Address_vod__c.Form_Expiration_Date_BMS_SHARED__c,0PS3E0000000FluWAE,TRUE,TRUE,Address_vod__c
Address_vod__c.Form_Flag_BMS_SHARED__c,0PS3E0000000FluWAE,TRUE,TRUE,Address_vod__c
Address_vod__c.Sample_Authorization_Cert_BMS_SHARED__c,0PS3E0000000FluWAE,TRUE,TRUE,Address_vod__c
Address_vod__c.Sample_Ineligible_BMS_SHARED__c,0PS3E0000000FluWAE,TRUE,TRUE,Address_vod__c
Address_vod__c.Sample_Status_Reason_BMS_SHARED__c,0PS3E0000000FluWAE,TRUE,TRUE,Address_vod__c
Address_vod__c.Are_25_of_your_patients_adults_BMS_US__c,0PS3E0000000FluWAE,TRUE,TRUE,Address_vod__c
Address_vod__c.Do_you_accept_samples_BMS_US__c,0PS3E0000000FluWAE,TRUE,TRUE,Address_vod__c
Address_vod__c.Do_you_have_infusion_capabil_BMS_US__c,0PS3E0000000FluWAE,TRUE,TRUE,Address_vod__c
Address_vod__c.CDS_Expiration_Date_vod__c,0PS3E0000000FluWAE,TRUE,TRUE,Address_vod__c
Address_vod__c.CDS_vod__c,0PS3E0000000FluWAE,TRUE,TRUE,Address_vod__c
Address_vod__c.License_Expiration_Date_BMS_SHARED__c,0PS3E0000000FluWAE,TRUE,TRUE,Address_vod__c
Address_vod__c.Eligibility_Questions_Updated_Date_BMS__c,0PS3E0000000FluWAE,TRUE,TRUE,Address_vod__c
Address_vod__c.Mini_Brick_BMS_EMEA__c,0PS3E0000000FluWAE,TRUE,TRUE,Address_vod__c
Address_vod__c.Customer_Master_Status_vod__c,0PS3E0000000FluWAE,TRUE,TRUE,Address_vod__c
Address_vod__c.Network_Sample_Eligibility_vod__c,0PS3E0000000FluWAE,TRUE,TRUE,Address_vod__c
Address_vod__c.Network_ASSMCA_Entity_ID_vod__c,0PS3E0000000FluWAE,TRUE,TRUE,Address_vod__c
Address_vod__c.Network_CDS_Entity_ID_vod__c,0PS3E0000000FluWAE,TRUE,TRUE,Address_vod__c
Address_vod__c.Network_DEA_Entity_ID_vod__c,0PS3E0000000FluWAE,TRUE,TRUE,Address_vod__c
Address_vod__c.Network_License_Entity_ID_vod__c,0PS3E0000000FluWAE,TRUE,TRUE,Address_vod__c
Address_vod__c.Address_Visit_Pressure_BMS_EMEA__c,0PS3E0000000FluWAE,TRUE,TRUE,Address_vod__c
Address_vod__c.Master_Align_Id_vod__c,0PS3E0000000FluWAE,TRUE,TRUE,Address_vod__c
Title_BMS_EMEA__c.BMS_Code_BMS_EMEA__c,0PS3E0000000FluWAE,FALSE,TRUE,Title_BMS_EMEA__c
Title_BMS_EMEA__c.CCV_Code_BMS_EMEA__c,0PS3E0000000FluWAE,FALSE,TRUE,Title_BMS_EMEA__c
Title_BMS_EMEA__c.Country_BMS_EMEA__c,0PS3E0000000FluWAE,FALSE,TRUE,Title_BMS_EMEA__c
Title_BMS_EMEA__c.Description_BMS_EMEA__c,0PS3E0000000FluWAE,FALSE,TRUE,Title_BMS_EMEA__c
Title_BMS_EMEA__c.Language_BMS_EMEA__c,0PS3E0000000FluWAE,FALSE,TRUE,Title_BMS_EMEA__c
Title_BMS_EMEA__c.Short_Label_BMS_EMEA__c,0PS3E0000000FluWAE,FALSE,TRUE,Title_BMS_EMEA__c
Title_BMS_EMEA__c.External_ID_BMS_EMEA__c,0PS3E0000000FluWAE,FALSE,TRUE,Title_BMS_EMEA__c
Account.Top_Organization_Account_BMS_EMEA__c,0PS3E0000000FluWAE,TRUE,TRUE,Account
EM_Attendee_vod__c.Employer_Consent_Status_HCPTS__c,0PS3E0000000FluWAE,TRUE,TRUE,EM_Attendee_vod__c
EM_Budget_vod__c.SC_Needs_HCPTS__c,0PS3E0000000FluWAE,FALSE,TRUE,EM_Budget_vod__c
EM_Event_Speaker_vod__c.Employer_Consent_Status_HCPTS__c,0PS3E0000000FluWAE,TRUE,TRUE,EM_Event_Speaker_vod__c
Account.Main_Institution_BMS_EMEA__c,0PS3E0000000FluWAE,TRUE,TRUE,Account
Account.Main_Institution_OneKey_ID_BMS_EMEA__c,0PS3E0000000FluWAE,FALSE,TRUE,Account
Account.Role_BMS_EMEA__c,0PS3E0000000FluWAE,TRUE,TRUE,Account
Account.Role_formula_BMS_EMEA__c,0PS3E0000000FluWAE,FALSE,TRUE,Account
Account.TestToPullNewField__c,0PS3E0000000FluWAE,TRUE,TRUE,Account
Account.Clinic_Hospital_Name_BMS_EMEA__c,0PS3E0000000FluWAE,TRUE,TRUE,Account
Account.MOH_Consent_End_Date_BMS_EMEA_TR__c,0PS3E0000000FluWAE,TRUE,TRUE,Account
Account.MOH_Consent_Start_Date_BMS_EMEA_TR__c,0PS3E0000000FluWAE,TRUE,TRUE,Account
Account.MOH_Consent_BMS_EMEA_TR_formula__c,0PS3E0000000FluWAE,FALSE,TRUE,Account
Account.BP_ID__c,0PS3E0000000FluWAE,TRUE,TRUE,Account
Account.Interaction_Frequency_BMS__c,0PS3E0000000FluWAE,TRUE,TRUE,Account
Account.Interaction_Class_BMS__c,0PS3E0000000FluWAE,TRUE,TRUE,Account
Account.YTD_Activity_BMS__c,0PS3E0000000FluWAE,FALSE,TRUE,Account
Account.Avg_Calls_Mo_BMS__c,0PS3E0000000FluWAE,FALSE,TRUE,Account
Account.License_State_BMS__c,0PS3E0000000FluWAE,TRUE,TRUE,Account
Account.Local_Influence_BMS__c,0PS3E0000000FluWAE,TRUE,TRUE,Account
Account.Regional_Influence_BMS__c,0PS3E0000000FluWAE,TRUE,TRUE,Account
Account.National_Influence_BMS__c,0PS3E0000000FluWAE,TRUE,TRUE,Account
Account.Yervoy_Target_BMS__c,0PS3E0000000FluWAE,TRUE,TRUE,Account
Account.Ixempra_Target_BMS__c,0PS3E0000000FluWAE,TRUE,TRUE,Account
Account.Overall_Sphere_of_Influence_BMS__c,0PS3E0000000FluWAE,TRUE,TRUE,Account
Account.Credentials_vod__c,0PS3E0000000FluWAE,TRUE,TRUE,Account
Account.Preferred_Name_vod__c,0PS3E0000000FluWAE,TRUE,TRUE,Account
Account.Beds__c,0PS3E0000000FluWAE,TRUE,TRUE,Account
Account.PDRP_Opt_Out_vod__c,0PS3E0000000FluWAE,TRUE,TRUE,Account
Account.PDRP_Opt_Out_Date_vod__c,0PS3E0000000FluWAE,TRUE,TRUE,Account
Account.Middle_vod__c,0PS3E0000000FluWAE,TRUE,TRUE,Account
Account.Group_Specialty_1_vod__c,0PS3E0000000FluWAE,TRUE,TRUE,Account
Account.Sprycel_Target_BMS__c,0PS3E0000000FluWAE,TRUE,TRUE,Account
Account.Specialty_1_vod__c,0PS3E0000000FluWAE,TRUE,TRUE,Account
Account.Specialty_2_vod__c,0PS3E0000000FluWAE,TRUE,TRUE,Account
Account.Suffix_vod__c,0PS3E0000000FluWAE,TRUE,TRUE,Account
Account.Erbitux_Target_BMS__c,0PS3E0000000FluWAE,TRUE,TRUE,Account
Account.Gender_vod__c,0PS3E0000000FluWAE,TRUE,TRUE,Account
Account.Group_Specialty_2_vod__c,0PS3E0000000FluWAE,TRUE,TRUE,Account
Account.Practice_at_Hospital_vod__c,0PS3E0000000FluWAE,TRUE,TRUE,Account
Account.Practice_Near_Hospital_vod__c,0PS3E0000000FluWAE,TRUE,TRUE,Account
Account.Total_MDs_DOs__c,0PS3E0000000FluWAE,TRUE,TRUE,Account
Account.AHA__c,0PS3E0000000FluWAE,TRUE,TRUE,Account
Account.NPI_vod__c,0PS3E0000000FluWAE,TRUE,TRUE,Account
Account.ME__c,0PS3E0000000FluWAE,TRUE,TRUE,Account
Account.Speaker__c,0PS3E0000000FluWAE,TRUE,TRUE,Account
Account.Investigator_vod__c,0PS3E0000000FluWAE,TRUE,TRUE,Account
Account.Tax_Status__c,0PS3E0000000FluWAE,TRUE,TRUE,Account
Account.Model__c,0PS3E0000000FluWAE,TRUE,TRUE,Account
Account.Offerings__c,0PS3E0000000FluWAE,TRUE,TRUE,Account
Account.Departments__c,0PS3E0000000FluWAE,TRUE,TRUE,Account
Account.Account_Type__c,0PS3E0000000FluWAE,TRUE,TRUE,Account
Account.Net_Income_Loss_000__c,0PS3E0000000FluWAE,TRUE,TRUE,Account
Account.Total_Revenue_000__c,0PS3E0000000FluWAE,TRUE,TRUE,Account
Account.Commercial_Patient_Days_1000__c,0PS3E0000000FluWAE,TRUE,TRUE,Account
Account.PMPM_Income_Loss_000__c,0PS3E0000000FluWAE,TRUE,TRUE,Account
Account.Commercial_Premiums_PMPM__c,0PS3E0000000FluWAE,TRUE,TRUE,Account
Account.Medical_Loss_Ratio__c,0PS3E0000000FluWAE,TRUE,TRUE,Account
Account.Medicaid__c,0PS3E0000000FluWAE,TRUE,TRUE,Account
Account.Medical_Expenses_PMPM__c,0PS3E0000000FluWAE,TRUE,TRUE,Account
Account.HMO_Market_Shr__c,0PS3E0000000FluWAE,TRUE,TRUE,Account
Account.HMO__c,0PS3E0000000FluWAE,TRUE,TRUE,Account
Account.PPO__c,0PS3E0000000FluWAE,TRUE,TRUE,Account
Account.HMO_POS__c,0PS3E0000000FluWAE,TRUE,TRUE,Account
Account.PPO_POS__c,0PS3E0000000FluWAE,TRUE,TRUE,Account
Account.Medicare__c,0PS3E0000000FluWAE,TRUE,TRUE,Account
Account.Contracts_Process__c,0PS3E0000000FluWAE,TRUE,TRUE,Account
Account.Regional_Strategy__c,0PS3E0000000FluWAE,TRUE,TRUE,Account
Account.Business_Description__c,0PS3E0000000FluWAE,TRUE,TRUE,Account
Account.Total_Lives__c,0PS3E0000000FluWAE,TRUE,TRUE,Account
Account.Total_Physicians_Enrolled__c,0PS3E0000000FluWAE,TRUE,TRUE,Account
Account.Target__c,0PS3E0000000FluWAE,TRUE,TRUE,Account
Account.KOL_vod__c,0PS3E0000000FluWAE,TRUE,TRUE,Account
Account.Total_Pharmacists__c,0PS3E0000000FluWAE,TRUE,TRUE,Account
Account.External_ID_vod__c,0PS3E0000000FluWAE,TRUE,TRUE,Account
Account.Territory_vod__c,0PS3E0000000FluWAE,TRUE,TRUE,Account
Account.Formatted_Name_vod__c,0PS3E0000000FluWAE,FALSE,TRUE,Account
Account.Territory_Test_vod__c,0PS3E0000000FluWAE,TRUE,TRUE,Account
Account.Exclude_from_Zip_to_Terr_Processing_vod__c,0PS3E0000000FluWAE,TRUE,TRUE,Account
Account.Mobile_ID_vod__c,0PS3E0000000FluWAE,TRUE,TRUE,Account
Account.ID_vod__c,0PS3E0000000FluWAE,TRUE,TRUE,Account
Account.Do_Not_Sync_Sales_Data_vod__c,0PS3E0000000FluWAE,TRUE,TRUE,Account
Account.ID2_vod__c,0PS3E0000000FluWAE,TRUE,TRUE,Account
Account.Sample_Default_vod__c,0PS3E0000000FluWAE,TRUE,TRUE,Account
Account.Segmentations_vod__c,0PS3E0000000FluWAE,TRUE,TRUE,Account
Account.Restricted_Products_vod__c,0PS3E0000000FluWAE,TRUE,TRUE,Account
Account.Payer_Id_vod__c,0PS3E0000000FluWAE,TRUE,TRUE,Account
Account.Do_Not_Call_vod__c,0PS3E0000000FluWAE,TRUE,TRUE,Account
Account.Spend_Amount__c,0PS3E0000000FluWAE,TRUE,TRUE,Account
Account.Spend_Status_Value_vod__c,0PS3E0000000FluWAE,FALSE,TRUE,Account
Account.Spend_Status_vod__c,0PS3E0000000FluWAE,FALSE,TRUE,Account
Account.Enable_Restricted_Products_vod__c,0PS3E0000000FluWAE,TRUE,TRUE,Account
Account.Call_Reminder_vod__c,0PS3E0000000FluWAE,TRUE,TRUE,Account
Account.Account_Group_vod__c,0PS3E0000000FluWAE,TRUE,TRUE,Account
Account.Primary_Parent_vod__c,0PS3E0000000FluWAE,TRUE,TRUE,Account
Account.No_Orders_vod__c,0PS3E0000000FluWAE,TRUE,TRUE,Account
Account.Order_Type_vod__c,0PS3E0000000FluWAE,TRUE,TRUE,Account
Account.Color_vod__c,0PS3E0000000FluWAE,FALSE,TRUE,Account
Account.Account_Search_FirstLast_vod__c,0PS3E0000000FluWAE,FALSE,TRUE,Account
Account.Account_Search_LastFirst_vod__c,0PS3E0000000FluWAE,FALSE,TRUE,Account
Account.Do_Not_Create_Child_Account_vod__c,0PS3E0000000FluWAE,TRUE,TRUE,Account
Account.Default_Order_Type_vod__c,0PS3E0000000FluWAE,TRUE,TRUE,Account
Account.Account_Search_Business_vod__c,0PS3E0000000FluWAE,FALSE,TRUE,Account
Account.Business_Professional_Person_vod__c,0PS3E0000000FluWAE,TRUE,TRUE,Account
Account.Erbitux_Speaker_BMS__c,0PS3E0000000FluWAE,TRUE,TRUE,Account
Account.Sprycel_Speaker_BMS__c,0PS3E0000000FluWAE,TRUE,TRUE,Account
Account.Ixempra_Speaker_BMS__c,0PS3E0000000FluWAE,TRUE,TRUE,Account
Account.Yervoy_Speaker_BMS__c,0PS3E0000000FluWAE,TRUE,TRUE,Account
Account.Orencia_Target_BMS__c,0PS3E0000000FluWAE,TRUE,TRUE,Account
Account.Nulojix_Target_BMS__c,0PS3E0000000FluWAE,TRUE,TRUE,Account
Account.DDD_Number_BMS__c,0PS3E0000000FluWAE,TRUE,TRUE,Account
Account.IMS_ID_BMS__c,0PS3E0000000FluWAE,TRUE,TRUE,Account
Account.Sub_Cat_Code_BMS__c,0PS3E0000000FluWAE,TRUE,TRUE,Account
Account.WK_ID_BMS__c,0PS3E0000000FluWAE,TRUE,TRUE,Account
Account.Fed_Tax_ID_GRP_BMS__c,0PS3E0000000FluWAE,TRUE,TRUE,Account
Account.Integration_Status_BMS__c,0PS3E0000000FluWAE,TRUE,TRUE,Account
Account.Erbitux_Drop_BMS__c,0PS3E0000000FluWAE,TRUE,TRUE,Account
Account.NationalQ6_BMS__c,0PS3E0000000FluWAE,TRUE,TRUE,Account
Account.NationalQ1_BMS__c,0PS3E0000000FluWAE,TRUE,TRUE,Account
Account.RegionalQ4_BMS__c,0PS3E0000000FluWAE,TRUE,TRUE,Account
Account.RegionalQ6_BMS__c,0PS3E0000000FluWAE,TRUE,TRUE,Account
Account.RegionalQ8_BMS__c,0PS3E0000000FluWAE,TRUE,TRUE,Account
Account.RegionalQ7_BMS__c,0PS3E0000000FluWAE,TRUE,TRUE,Account
Account.RegionalQ9_BMS__c,0PS3E0000000FluWAE,TRUE,TRUE,Account
Account.NationalQ2_BMS__c,0PS3E0000000FluWAE,TRUE,TRUE,Account
Account.NationalQ3_BMS__c,0PS3E0000000FluWAE,TRUE,TRUE,Account
Account.RegionalQ1_BMS__c,0PS3E0000000FluWAE,TRUE,TRUE,Account
Account.NationalQ4_BMS__c,0PS3E0000000FluWAE,TRUE,TRUE,Account
Account.NationalQ5_BMS__c,0PS3E0000000FluWAE,TRUE,TRUE,Account
Account.RegionalQ2_BMS__c,0PS3E0000000FluWAE,TRUE,TRUE,Account
Account.RegionalQ3_BMS__c,0PS3E0000000FluWAE,TRUE,TRUE,Account
Account.RegionalQ5_BMS__c,0PS3E0000000FluWAE,TRUE,TRUE,Account
Account.SOI_Questions_Answered_BMS__c,0PS3E0000000FluWAE,TRUE,TRUE,Account
Account.KOL_ID_BMS__c,0PS3E0000000FluWAE,TRUE,TRUE,Account
Account.NRL_Melanoma_BMS__c,0PS3E0000000FluWAE,TRUE,TRUE,Account
Account.SFID18_BMS__c,0PS3E0000000FluWAE,TRUE,TRUE,Account
Account.Transplant_Classification_BMS__c,0PS3E0000000FluWAE,TRUE,TRUE,Account
Account.ORENCIA_Speaker_BMS__c,0PS3E0000000FluWAE,TRUE,TRUE,Account
Account.NULOJIX_Speaker_BMS__c,0PS3E0000000FluWAE,TRUE,TRUE,Account
Account.Immunoscience_Segmentation_BMS__c,0PS3E0000000FluWAE,TRUE,TRUE,Account
Account.Transplant_TL_BMS__c,0PS3E0000000FluWAE,TRUE,TRUE,Account
Account.OCS_Contact_BMS__c,0PS3E0000000FluWAE,TRUE,TRUE,Account
Account.SPRYCEL_Calls_Delivered_BMS__c,0PS3E0000000FluWAE,TRUE,TRUE,Account
Account.Impacted_Customers__c,0PS3E0000000FluWAE,FALSE,TRUE,Account
Account.Account_Class_vod__c,0PS3E0000000FluWAE,TRUE,TRUE,Account
Account.Furigana_vod__c,0PS3E0000000FluWAE,TRUE,TRUE,Account
Account.Hospital_Type_vod__c,0PS3E0000000FluWAE,TRUE,TRUE,Account
Account.User_Created_NPRS_BMS__c,0PS3E0000000FluWAE,TRUE,TRUE,Account
Account.GAS_Aligned_BMS__c,0PS3E0000000FluWAE,TRUE,TRUE,Account
Account.ONCOLOGY_Target_BMS__c,0PS3E0000000FluWAE,TRUE,TRUE,Account
Account.X1_Stage_of_Nulojix_Experience_Curve__c,0PS3E0000000FluWAE,TRUE,TRUE,Account
Account.X2_Customer_Believes_in_Nulojix_Clinical__c,0PS3E0000000FluWAE,TRUE,TRUE,Account
Account.X3_Cost_a_Barrier_to_Utilization__c,0PS3E0000000FluWAE,TRUE,TRUE,Account
Account.X4_Infusion_Logistics_a_Concern__c,0PS3E0000000FluWAE,TRUE,TRUE,Account
Account.Virtual_Sales_Bag_BMS__c,0PS3E0000000FluWAE,TRUE,TRUE,Account
Account.ERBITUXiRepSessionCache_BMS__c,0PS3E0000000FluWAE,TRUE,TRUE,Account
Account.IXEMPRAiRepSessionCache_BMS__c,0PS3E0000000FluWAE,TRUE,TRUE,Account
Account.YERVOYiRepSessionCache_BMS__c,0PS3E0000000FluWAE,TRUE,TRUE,Account
Account.Alternate_Name_vod__c,0PS3E0000000FluWAE,TRUE,TRUE,Account
Account.ATL_Last_Update_Date_Time_vod__c,0PS3E0000000FluWAE,TRUE,TRUE,Account
Account.ABILIFY_Speaker_BMS_SHARED__c,0PS3E0000000FluWAE,TRUE,TRUE,Account
Account.AI_Relationship_Status__c,0PS3E0000000FluWAE,TRUE,TRUE,Account
Account.Access_Priority__c,0PS3E0000000FluWAE,TRUE,TRUE,Account
Account.Access_influence__c,0PS3E0000000FluWAE,TRUE,TRUE,Account
Account.Account_Source_Country_BMS_CORE__c,0PS3E0000000FluWAE,TRUE,TRUE,Account
Account.Account_Status_BMS_CA__c,0PS3E0000000FluWAE,TRUE,TRUE,Account
Account.Account_Tier_BMS_US__c,0PS3E0000000FluWAE,TRUE,TRUE,Account
Account.Address_BMS_CN__c,0PS3E0000000FluWAE,TRUE,TRUE,Account
Account.Adherence_Councilor_BMS_US_del__c,0PS3E0000000FluWAE,TRUE,TRUE,Account
Account.Administrative_Title_BMS_CN__c,0PS3E0000000FluWAE,TRUE,TRUE,Account
Account.Authorizing_Prescriber_BMS_SHARED__c,0PS3E0000000FluWAE,TRUE,TRUE,Account
Account.Average_Age_Range_BMS_US__c,0PS3E0000000FluWAE,TRUE,TRUE,Account
Account.BARACLUDE_Speaker_BMS_SHARED__c,0PS3E0000000FluWAE,TRUE,TRUE,Account
Account.BMS_Last_Access_Interaction_User__c,0PS3E0000000FluWAE,TRUE,TRUE,Account
Account.BMS_Last_Access_Interaction__c,0PS3E0000000FluWAE,TRUE,TRUE,Account
Account.BMS_Last_Access_Interaction_date__c,0PS3E0000000FluWAE,TRUE,TRUE,Account
Account.BMS_Target_type__c,0PS3E0000000FluWAE,TRUE,TRUE,Account
Account.BP_ID_BMS_CORE__c,0PS3E0000000FluWAE,TRUE,TRUE,Account
Account.BYDUREON_Speaker_BMS_SHARED__c,0PS3E0000000FluWAE,TRUE,TRUE,Account
Account.BYETTA_Speaker_BMS_SHARED__c,0PS3E0000000FluWAE,TRUE,TRUE,Account
Account.Budget_BMS_US__c,0PS3E0000000FluWAE,TRUE,TRUE,Account
Account.CML_Patients_BMS_CN__c,0PS3E0000000FluWAE,TRUE,TRUE,Account
Account.Call_Back_Nurse_BMS_US__c,0PS3E0000000FluWAE,TRUE,TRUE,Account
Account.Commercial_Appeals_Regularly_BMS_US__c,0PS3E0000000FluWAE,TRUE,TRUE,Account
Account.Community_Position_BMS_CN__c,0PS3E0000000FluWAE,TRUE,TRUE,Account
Account.Coumadin_Clinic_Supervisor_BMS_US__c,0PS3E0000000FluWAE,TRUE,TRUE,Account
Account.Date_REMS_Material_Provided_BMS_US__c,0PS3E0000000FluWAE,TRUE,TRUE,Account
Account.Date_of_Planned_PT_Meeting_BMS_US__c,0PS3E0000000FluWAE,TRUE,TRUE,Account
Account.Decision_of_Beds_Index_BMS_CN__c,0PS3E0000000FluWAE,TRUE,TRUE,Account
Account.Department_BMS_CN__c,0PS3E0000000FluWAE,TRUE,TRUE,Account
Account.Device_Trainer_BMS_US__c,0PS3E0000000FluWAE,TRUE,TRUE,Account
Account.Diabetes_Educator_BMS_US__c,0PS3E0000000FluWAE,TRUE,TRUE,Account
Account.Do_you_accept_samples_BMS_US__c,0PS3E0000000FluWAE,TRUE,TRUE,Account
Account.Do_you_have_infusion_capabilities_BMS_US__c,0PS3E0000000FluWAE,TRUE,TRUE,Account
Account.Duals_BMS_US__c,0PS3E0000000FluWAE,TRUE,TRUE,Account
Account.EFAVIRENZ_Speaker_BMS_SHARED__c,0PS3E0000000FluWAE,TRUE,TRUE,Account
Account.ELIQUIS_Speaker_BMS_SHARED__c,0PS3E0000000FluWAE,TRUE,TRUE,Account
Account.EMR_System_in_Use_BMS_US__c,0PS3E0000000FluWAE,TRUE,TRUE,Account
Account.ERM_System_in_Use_BMS_US__c,0PS3E0000000FluWAE,TRUE,TRUE,Account
Account.Effective_Date_on_Formulary_BMS_US__c,0PS3E0000000FluWAE,TRUE,TRUE,Account
Account.Eliquis_Formulary_Status__c,0PS3E0000000FluWAE,TRUE,TRUE,Account
Account.Email_MSL_BMS_SHARED__c,0PS3E0000000FluWAE,TRUE,TRUE,Account
Account.Erbitux_CRC_Profile_BMS__c,0PS3E0000000FluWAE,TRUE,TRUE,Account
Account.Erbitux_H_N_Profile_BMS__c,0PS3E0000000FluWAE,TRUE,TRUE,Account
Account.FFS_Medicaid_BMS_US__c,0PS3E0000000FluWAE,TRUE,TRUE,Account
Account.Fax_MSL_BMS_SHARED__c,0PS3E0000000FluWAE,TRUE,TRUE,Account
Account.Finder_Num_BMS_CA__c,0PS3E0000000FluWAE,TRUE,TRUE,Account
Account.Formulary_Decisions_BMS_US__c,0PS3E0000000FluWAE,TRUE,TRUE,Account
Account.Formulary_Milestone_Status_BMS_US__c,0PS3E0000000FluWAE,TRUE,TRUE,Account
Account.GPO_BMS_US__c,0PS3E0000000FluWAE,TRUE,TRUE,Account
Account.GST_BMS_CA__c,0PS3E0000000FluWAE,TRUE,TRUE,Account
Account.Geographic_Reach_BMS_US__c,0PS3E0000000FluWAE,TRUE,TRUE,Account
Account.Graduate_University_BMS_CN__c,0PS3E0000000FluWAE,TRUE,TRUE,Account
Account.Graduation_Year_BMS_CA__c,0PS3E0000000FluWAE,TRUE,TRUE,Account
Account.HBV_Beds_BMS_CN__c,0PS3E0000000FluWAE,TRUE,TRUE,Account
Account.HCPQ1_BMS__c,0PS3E0000000FluWAE,TRUE,TRUE,Account
Account.HCPQ2_BMS__c,0PS3E0000000FluWAE,TRUE,TRUE,Account
Account.HCPQ3_BMS__c,0PS3E0000000FluWAE,TRUE,TRUE,Account
Account.HIV_BMS_US__c,0PS3E0000000FluWAE,TRUE,TRUE,Account
Account.HIV_Case_Manager_BMS_US_del__c,0PS3E0000000FluWAE,TRUE,TRUE,Account
Account.HP_Usage_Level_BMS_CN__c,0PS3E0000000FluWAE,TRUE,TRUE,Account
Account.HST_BMS_CA__c,0PS3E0000000FluWAE,TRUE,TRUE,Account
Account.Hal_HIV_Target_BMS_US__c,0PS3E0000000FluWAE,TRUE,TRUE,Account
Account.Hal_Oncology_Target_BMS_US__c,0PS3E0000000FluWAE,TRUE,TRUE,Account
Account.Hospital_Rank_BMS_CN__c,0PS3E0000000FluWAE,TRUE,TRUE,Account
Account.IT_Point_Person_BMS_US__c,0PS3E0000000FluWAE,TRUE,TRUE,Account
Account.If_yes_specify_which_HospMed_Grp_BMS_US__c,0PS3E0000000FluWAE,TRUE,TRUE,Account
Account.If_yes_specify_which_Hosp_Med_Grp_BMS_US__c,0PS3E0000000FluWAE,TRUE,TRUE,Account
Account.Interest_BMS_CA__c,0PS3E0000000FluWAE,TRUE,TRUE,Account
Account.Is_25_or_more_of_you_patient_pop_BMS_US__c,0PS3E0000000FluWAE,TRUE,TRUE,Account
Account.Is_Eliquis_Stocked_BMS_US__c,0PS3E0000000FluWAE,TRUE,TRUE,Account
Account.Is_GIPAP_TIPAP_Dr_BMS_CN__c,0PS3E0000000FluWAE,TRUE,TRUE,Account
Account.Ixempra_Profile_BMS__c,0PS3E0000000FluWAE,TRUE,TRUE,Account
Account.KOL_Level_BMS_CA__c,0PS3E0000000FluWAE,TRUE,TRUE,Account
Account.KOMBLIGLYZE_XR_Speaker_BMS_SHARED__c,0PS3E0000000FluWAE,TRUE,TRUE,Account
Account.LIS_BMS_US__c,0PS3E0000000FluWAE,TRUE,TRUE,Account
Account.Level_of_Access_BMS_US__c,0PS3E0000000FluWAE,TRUE,TRUE,Account
Account.M3_Avg_ETV_ARV_BMS_CN__c,0PS3E0000000FluWAE,TRUE,TRUE,Account
Account.M3_Avg_HP_ETV_BMS_CN__c,0PS3E0000000FluWAE,TRUE,TRUE,Account
Account.M3_Avg_Lamivudine_ARV_BMS_CN__c,0PS3E0000000FluWAE,TRUE,TRUE,Account
Account.ME_REG_TYPE_CD_BMS__c,0PS3E0000000FluWAE,TRUE,TRUE,Account
Account.Managed_Care_Appeal_Reg_Processed_BMS_US__c,0PS3E0000000FluWAE,TRUE,TRUE,Account
Account.Managed_Medicaid_BMS_US__c,0PS3E0000000FluWAE,TRUE,TRUE,Account
Account.Managed_Medicare_Point_Person_BMS_US__c,0PS3E0000000FluWAE,TRUE,TRUE,Account
Account.Medical_Assistant_BMS_US_del__c,0PS3E0000000FluWAE,TRUE,TRUE,Account
Account.Medical_BMS_US__c,0PS3E0000000FluWAE,TRUE,TRUE,Account
Account.Medical_Health_BMS_US_del__c,0PS3E0000000FluWAE,TRUE,TRUE,Account
Account.Medicare_Part_D_BMS_US__c,0PS3E0000000FluWAE,TRUE,TRUE,Account
Account.Mobile_BMS__c,0PS3E0000000FluWAE,TRUE,TRUE,Account
Account.Mobile_MSL_BMS_SHARED__c,0PS3E0000000FluWAE,TRUE,TRUE,Account
Account.Monthly_Brand_Prescription_BMS_CN__c,0PS3E0000000FluWAE,TRUE,TRUE,Account
Account.Monthly_Out_patients_BMS_CN__c,0PS3E0000000FluWAE,TRUE,TRUE,Account
Account.Monthly_Prescription_Amount_BMS_CN__c,0PS3E0000000FluWAE,TRUE,TRUE,Account
Account.Monthly_Taxol_Prescription_BMS_CN__c,0PS3E0000000FluWAE,TRUE,TRUE,Account
Account.Most_Important_Plans_BMS_US__c,0PS3E0000000FluWAE,TRUE,TRUE,Account
Account.NAP_BMS_US__c,0PS3E0000000FluWAE,TRUE,TRUE,Account
Account.NationalQ7_BMS_CN__c,0PS3E0000000FluWAE,TRUE,TRUE,Account
Account.NationalQ7_BMS__c,0PS3E0000000FluWAE,TRUE,TRUE,Account
Account.NeedApprovalToMedicalPlan_BMS_CN__c,0PS3E0000000FluWAE,TRUE,TRUE,Account
Account.Number_of_Outpatients_BMS_CN__c,0PS3E0000000FluWAE,TRUE,TRUE,Account
Account.Nurse_BMS_US__c,0PS3E0000000FluWAE,TRUE,TRUE,Account
Account.Office_Manager_BMS_US__c,0PS3E0000000FluWAE,TRUE,TRUE,Account
Account.Office_Staff_BMS_US_del__c,0PS3E0000000FluWAE,TRUE,TRUE,Account
Account.Other_Admin_Title_BMS_CN__c,0PS3E0000000FluWAE,TRUE,TRUE,Account
Account.Other_BMS_US__c,0PS3E0000000FluWAE,TRUE,TRUE,Account
Account.Other_key_number_BMS_US__c,0PS3E0000000FluWAE,TRUE,TRUE,Account
Account.Other_key_number_type_if_applicable_BMS__c,0PS3E0000000FluWAE,TRUE,TRUE,Account
Account.Other_restriction_specif_WARFARIN_BMS_US__c,0PS3E0000000FluWAE,TRUE,TRUE,Account
Account.Other_restriction_specify_PRADAXA_BMS_US__c,0PS3E0000000FluWAE,TRUE,TRUE,Account
Account.Other_restriction_specify_XARELTO_BMS_US__c,0PS3E0000000FluWAE,TRUE,TRUE,Account
Account.PBM_BMS_US__c,0PS3E0000000FluWAE,TRUE,TRUE,Account
Account.PDP_BMS_US__c,0PS3E0000000FluWAE,TRUE,TRUE,Account
Account.PERSON_STATUS_BMS__c,0PS3E0000000FluWAE,TRUE,TRUE,Account
Account.PST_BMS_CA__c,0PS3E0000000FluWAE,TRUE,TRUE,Account
Account.Parent_Orgnization_BMS_CN__c,0PS3E0000000FluWAE,FALSE,TRUE,Account
Account.Peer_Educator_BMS_US_del__c,0PS3E0000000FluWAE,TRUE,TRUE,Account
Account.Pharmacist_BMS_US_del__c,0PS3E0000000FluWAE,TRUE,TRUE,Account
Account.Pharmacy_BMS_US__c,0PS3E0000000FluWAE,TRUE,TRUE,Account
Account.Phone_MSL_BMS_SHARED__c,0PS3E0000000FluWAE,TRUE,TRUE,Account
Account.Pradaxa_Formulary_Status_BMS_US__c,0PS3E0000000FluWAE,TRUE,TRUE,Account
Account.Pradaxa_Restrictions_BMS_US__c,0PS3E0000000FluWAE,TRUE,TRUE,Account
Account.Preferred_Communication_BMS_US__c,0PS3E0000000FluWAE,TRUE,TRUE,Account
Account.Preferred_Language_BMS_CA__c,0PS3E0000000FluWAE,TRUE,TRUE,Account
Account.Preferred_Statin__c,0PS3E0000000FluWAE,TRUE,TRUE,Account
Account.Prior_Authorization_BMS_US__c,0PS3E0000000FluWAE,TRUE,TRUE,Account
Account.REMS_Material_Provided_BMS_US__c,0PS3E0000000FluWAE,TRUE,TRUE,Account
Account.REYATAZ_Speaker_BMS_SHARED__c,0PS3E0000000FluWAE,TRUE,TRUE,Account
Account.Race_or_Ethnicity_BMS_US__c,0PS3E0000000FluWAE,TRUE,TRUE,Account
Account.Refill_Nurse_BMS_US__c,0PS3E0000000FluWAE,TRUE,TRUE,Account
Account.Restrictions_BMS_US__c,0PS3E0000000FluWAE,TRUE,TRUE,Account
Account.SAP_Vendor_ID_BMS_IC__c,0PS3E0000000FluWAE,TRUE,TRUE,Account
Account.SYMLIN_Speaker_BMS_SHARED__c,0PS3E0000000FluWAE,TRUE,TRUE,Account
Account.Sample_Status_Reason_BMS_SHARED__c,0PS3E0000000FluWAE,TRUE,TRUE,Account
Account.Sample_Supression_Reason_BMS_SHARED__c,0PS3E0000000FluWAE,TRUE,TRUE,Account
Account.Samples_Accepted_BMS_US__c,0PS3E0000000FluWAE,TRUE,TRUE,Account
Account.Scheduling_Contact_BMS_US__c,0PS3E0000000FluWAE,TRUE,TRUE,Account
Account.Service_Coordinator_BMS_US__c,0PS3E0000000FluWAE,TRUE,TRUE,Account
Account.Social_Title_BMS_CN__c,0PS3E0000000FluWAE,TRUE,TRUE,Account
Account.Social_Worker_BMS_US_del__c,0PS3E0000000FluWAE,TRUE,TRUE,Account
Account.Speaker_BMS_CA__c,0PS3E0000000FluWAE,TRUE,TRUE,Account
Account.Speaker_Level_BMS_CN__c,0PS3E0000000FluWAE,TRUE,TRUE,Account
Account.Sprycel_Profile__c,0PS3E0000000FluWAE,TRUE,TRUE,Account
Account.Star_Rating_BMS_US__c,0PS3E0000000FluWAE,TRUE,TRUE,Account
Account.TL_Level_New_BMS_CN__c,0PS3E0000000FluWAE,TRUE,TRUE,Account
Account.TL_Rank_Score_BMS_CN__c,0PS3E0000000FluWAE,TRUE,TRUE,Account
Account.Technical_Title_BMS_CN__c,0PS3E0000000FluWAE,TRUE,TRUE,Account
Account.Title_BMS_US__c,0PS3E0000000FluWAE,TRUE,TRUE,Account
Account.Title_PCAM_BMS_US__c,0PS3E0000000FluWAE,TRUE,TRUE,Account
Account.Top_KOL_BMS_CA__c,0PS3E0000000FluWAE,TRUE,TRUE,Account
Account.Transmission_Category_Female_BMS_US__c,0PS3E0000000FluWAE,TRUE,TRUE,Account
Account.Transmission_Category_Male_BMS_US__c,0PS3E0000000FluWAE,TRUE,TRUE,Account
Account.Type2_Diabetes_Patients_BMS_CN__c,0PS3E0000000FluWAE,TRUE,TRUE,Account
Account.Unique_Record_Count_BMS_US__c,0PS3E0000000FluWAE,FALSE,TRUE,Account
Account.Uses_an_EMR_System_BMS_US__c,0PS3E0000000FluWAE,TRUE,TRUE,Account
Account.Uses_ePrescribing_BMS_US__c,0PS3E0000000FluWAE,TRUE,TRUE,Account
Account.Vouchers_Accepted_BMS_US__c,0PS3E0000000FluWAE,TRUE,TRUE,Account
Account.Warfarin_Sodium_Formulary_Status_BMS_US__c,0PS3E0000000FluWAE,TRUE,TRUE,Account
Account.Warfarin_Sodium_Restrictions_BMS_US__c,0PS3E0000000FluWAE,TRUE,TRUE,Account
Account.Weekly_HBV_Out_patients_BMS_CN__c,0PS3E0000000FluWAE,TRUE,TRUE,Account
Account.Weekly_Out_Patients_BMS_CN__c,0PS3E0000000FluWAE,TRUE,TRUE,Account
Account.Xarelto_Formulary_Status_AFib_BMS_US__c,0PS3E0000000FluWAE,TRUE,TRUE,Account
Account.Xarelto_Restrictions_AFib_only_BMS_US__c,0PS3E0000000FluWAE,TRUE,TRUE,Account
Account.Yervoy_Profile_BMS__c,0PS3E0000000FluWAE,TRUE,TRUE,Account
Account.ePrescribing_System_in_Use_BMS_US__c,0PS3E0000000FluWAE,TRUE,TRUE,Account
Account.other_restriction_please_specify_BMS_US__c,0PS3E0000000FluWAE,TRUE,TRUE,Account
Account.Access_Profile__c,0PS3E0000000FluWAE,FALSE,TRUE,Account
Account.TL_needs_overdue_BMS_CN__c,0PS3E0000000FluWAE,FALSE,TRUE,Account
Account.is_TL_BMS_CN__c,0PS3E0000000FluWAE,FALSE,TRUE,Account
Account.Access_Decision_BMS_CA__c,0PS3E0000000FluWAE,TRUE,TRUE,Account
Account.HBV_Rating_BMS_US__c,0PS3E0000000FluWAE,TRUE,TRUE,Account
Account.HIV_Rating_BMS_US__c,0PS3E0000000FluWAE,TRUE,TRUE,Account
Account.InternationalQ1_BMS_CA__c,0PS3E0000000FluWAE,TRUE,TRUE,Account
Account.InternationalQ2_BMS_CA__c,0PS3E0000000FluWAE,TRUE,TRUE,Account
Account.InternationalQ3_BMS_CA__c,0PS3E0000000FluWAE,TRUE,TRUE,Account
Account.InternationalQ4_BMS_CA__c,0PS3E0000000FluWAE,TRUE,TRUE,Account
Account.InternationalQ5_BMS_CA__c,0PS3E0000000FluWAE,TRUE,TRUE,Account
Account.InternationalQ6_BMS_CA__c,0PS3E0000000FluWAE,TRUE,TRUE,Account
Account.InternationalQ7_BMS_CA__c,0PS3E0000000FluWAE,TRUE,TRUE,Account
Account.InternationalQ8_BMS_CA__c,0PS3E0000000FluWAE,TRUE,TRUE,Account
Account.Principal_Investigator_BMS_CA__c,0PS3E0000000FluWAE,TRUE,TRUE,Account
Account.Recommend_for_Removal_BMS_US__c,0PS3E0000000FluWAE,TRUE,TRUE,Account
Account.Virology_Role_BMS_US__c,0PS3E0000000FluWAE,TRUE,TRUE,Account
Account.Account_Identifier_vod__c,0PS3E0000000FluWAE,TRUE,TRUE,Account
Account.Language_vod__c,0PS3E0000000FluWAE,TRUE,TRUE,Account
Account.International_BMS_CA__c,0PS3E0000000FluWAE,TRUE,TRUE,Account
Account.IsActive_BMS_CN__c,0PS3E0000000FluWAE,TRUE,TRUE,Account
Account.National_BMS_CA__c,0PS3E0000000FluWAE,TRUE,TRUE,Account
Account.ONYX_Contract_Number_BMS__c,0PS3E0000000FluWAE,TRUE,TRUE,Account
Account.Other_BMS_CA__c,0PS3E0000000FluWAE,TRUE,TRUE,Account
Account.Regional_BMS_CA__c,0PS3E0000000FluWAE,TRUE,TRUE,Account
Account.Anzatax_Patients_Share_BMS_CN__c,0PS3E0000000FluWAE,FALSE,TRUE,Account
Account.Anzatax_Potential_Patients__c,0PS3E0000000FluWAE,TRUE,TRUE,Account
Account.Beds_BMS_CN__c,0PS3E0000000FluWAE,TRUE,TRUE,Account
Account.Carboplatin_Imitation_Pat_Share_BMS_CN__c,0PS3E0000000FluWAE,FALSE,TRUE,Account
Account.Carboplatin_Imitation_Pote_Pat_BMS_CN__c,0PS3E0000000FluWAE,TRUE,TRUE,Account
Account.Cash_BMS_US__c,0PS3E0000000FluWAE,TRUE,TRUE,Account
Account.Cisplatin_Patients_Share_BMS_CN__c,0PS3E0000000FluWAE,FALSE,TRUE,Account
Account.Cisplatin_Potential_Patients_BMS_CN__c,0PS3E0000000FluWAE,TRUE,TRUE,Account
Account.Commercial_BMS_US__c,0PS3E0000000FluWAE,TRUE,TRUE,Account
Account.Decision_Making_BMS_CN__c,0PS3E0000000FluWAE,TRUE,TRUE,Account
Account.Erbitux_CRC_Parent_Product_Rating__c,0PS3E0000000FluWAE,TRUE,TRUE,Account
Account.Erbitux_HNK_Parent_Product_Rating__c,0PS3E0000000FluWAE,TRUE,TRUE,Account
Account.HIV_Case_Manager_BMS_US__c,0PS3E0000000FluWAE,TRUE,TRUE,Account
Account.Homemade_Docetaxel_Patients_Share_BMS_CN__c,0PS3E0000000FluWAE,FALSE,TRUE,Account
Account.Homemade_Docetaxel_Poten_Patient_BMS_CN__c,0PS3E0000000FluWAE,TRUE,TRUE,Account
Account.Homemade_Paclitaxel_Patient_Share_BMS_CN__c,0PS3E0000000FluWAE,FALSE,TRUE,Account
Account.Homemade_Paclitaxel_Poten_Patient_BMS_CN__c,0PS3E0000000FluWAE,TRUE,TRUE,Account
Account.Infusion_Nurse_BMS_US__c,0PS3E0000000FluWAE,TRUE,TRUE,Account
Account.Is_KOL_BMS_CN__c,0PS3E0000000FluWAE,TRUE,TRUE,Account
Account.Is_Onglyza_Focus_Doctor_BMS_CN__c,0PS3E0000000FluWAE,TRUE,TRUE,Account
Account.Ixempra_Parent_Product_Rating__c,0PS3E0000000FluWAE,TRUE,TRUE,Account
Account.L_Key_BMS_CN__c,0PS3E0000000FluWAE,TRUE,TRUE,Account
Account.Liposome_Patients_Share_BMS_CN__c,0PS3E0000000FluWAE,FALSE,TRUE,Account
Account.Liposome_Potential_Patients_BMS_CN__c,0PS3E0000000FluWAE,TRUE,TRUE,Account
Account.Medicaid_BMS_US__c,0PS3E0000000FluWAE,TRUE,TRUE,Account
Account.Medical_Technician_BMS_US__c,0PS3E0000000FluWAE,TRUE,TRUE,Account
Account.Medicare_BMS_US__c,0PS3E0000000FluWAE,TRUE,TRUE,Account
Account.Monthly_Anzatax_BMS_CN__c,0PS3E0000000FluWAE,TRUE,TRUE,Account
Account.Monthly_Carboplatin_Imitation_BMS_CN__c,0PS3E0000000FluWAE,TRUE,TRUE,Account
Account.Monthly_Cisplatin_BMS_CN__c,0PS3E0000000FluWAE,TRUE,TRUE,Account
Account.Monthly_Homemade_Docetaxel_BMS_CN__c,0PS3E0000000FluWAE,TRUE,TRUE,Account
Account.Monthly_Homemade_Paclitaxel_BMS_CN__c,0PS3E0000000FluWAE,TRUE,TRUE,Account
Account.Monthly_Liposome_BMS_CN__c,0PS3E0000000FluWAE,TRUE,TRUE,Account
Account.Monthly_Nedaplatin_BMS_CN__c,0PS3E0000000FluWAE,TRUE,TRUE,Account
Account.Monthly_Operations_BMS_CN__c,0PS3E0000000FluWAE,TRUE,TRUE,Account
Account.Monthly_Paclitaxel_BMS_CN__c,0PS3E0000000FluWAE,TRUE,TRUE,Account
Account.Monthly_Paraplatin_Prescription_BMS_CN__c,0PS3E0000000FluWAE,TRUE,TRUE,Account
Account.Monthly_Taxotere_BMS_CN__c,0PS3E0000000FluWAE,TRUE,TRUE,Account
Account.Nedaplatin_Patients_Share_BMS_CN__c,0PS3E0000000FluWAE,FALSE,TRUE,Account
Account.Nedaplatin_Potential_Patients_BMS_CN__c,0PS3E0000000FluWAE,TRUE,TRUE,Account
Account.Nurse_Practitioner_BMS_US__c,0PS3E0000000FluWAE,TRUE,TRUE,Account
Account.Nurse_Practitioner_BMS_US_del__c,0PS3E0000000FluWAE,TRUE,TRUE,Account
Account.Paclitaxel_Patients_Share_BMS_CN__c,0PS3E0000000FluWAE,FALSE,TRUE,Account
Account.Paclitaxel_Potential_Patients_BMS_CN__c,0PS3E0000000FluWAE,TRUE,TRUE,Account
Account.Paraplatin_Level_BMS_CN__c,0PS3E0000000FluWAE,FALSE,TRUE,Account
Account.Paraplatin_Patients_Share_BMS_CN__c,0PS3E0000000FluWAE,FALSE,TRUE,Account
Account.Paraplatin_Potential_Patients_BMS_CN__c,0PS3E0000000FluWAE,TRUE,TRUE,Account
Account.RN_Care_Manager_BMS_US__c,0PS3E0000000FluWAE,TRUE,TRUE,Account
Account.RN_Care_Manager_BMS_US_del__c,0PS3E0000000FluWAE,TRUE,TRUE,Account
Account.Sprycel_Parent_Product_Rating__c,0PS3E0000000FluWAE,TRUE,TRUE,Account
Account.Taxol_Level_BMS_CN__c,0PS3E0000000FluWAE,FALSE,TRUE,Account
Account.Taxol_Patients_Share_BMS_CN__c,0PS3E0000000FluWAE,FALSE,TRUE,Account
Account.Taxol_Potential_Patients_BMS_CN__c,0PS3E0000000FluWAE,TRUE,TRUE,Account
Account.Taxotere_Patients_Share_BMS_CN__c,0PS3E0000000FluWAE,FALSE,TRUE,Account
Account.Taxotere_Potential_Patients_BMS_CN__c,0PS3E0000000FluWAE,TRUE,TRUE,Account
Account.Therapeutic_Class_BMS_US__c,0PS3E0000000FluWAE,TRUE,TRUE,Account
Account.Yervoy_Parent_Product_Rating__c,0PS3E0000000FluWAE,TRUE,TRUE,Account
Account.Abilify_Drop_BMS_US__c,0PS3E0000000FluWAE,TRUE,TRUE,Account
Account.Account_Financial_Situation_BMS_EMEA__c,0PS3E0000000FluWAE,TRUE,TRUE,Account
Account.Bydureon_Quintile_BMS_US__c,0PS3E0000000FluWAE,TRUE,TRUE,Account
Account.Bydureon_Rating_BMS_US__c,0PS3E0000000FluWAE,TRUE,TRUE,Account
Account.Bydureon_Segment_BMS_US__c,0PS3E0000000FluWAE,TRUE,TRUE,Account
Account.Byetta_Quintile_BMS_US__c,0PS3E0000000FluWAE,TRUE,TRUE,Account
Account.Byetta_Rating_BMS_US__c,0PS3E0000000FluWAE,TRUE,TRUE,Account
Account.Byetta_Segment_BMS_US__c,0PS3E0000000FluWAE,TRUE,TRUE,Account
Account.COT_BMS_US__c,0PS3E0000000FluWAE,TRUE,TRUE,Account
Account.DAI_Scoring_BMS_EMEA__c,0PS3E0000000FluWAE,TRUE,TRUE,Account
Account.Disease_Area_Training_BMS_EMEA__c,0PS3E0000000FluWAE,TRUE,TRUE,Account
Account.Eliquis_Rating_BMS_US__c,0PS3E0000000FluWAE,TRUE,TRUE,Account
Account.Formulary_Decision_BMS_US__c,0PS3E0000000FluWAE,TRUE,TRUE,Account
Account.GPO_KAM_BMS_US__c,0PS3E0000000FluWAE,TRUE,TRUE,Account
Account.KAM_Account_Types_BMS_US__c,0PS3E0000000FluWAE,TRUE,TRUE,Account
Account.KAM_Contract_Effective_Date_BMS_US__c,0PS3E0000000FluWAE,TRUE,TRUE,Account
Account.KAM_Contract_Status_BMS_US__c,0PS3E0000000FluWAE,TRUE,TRUE,Account
Account.KAM_Restriction_Comments_BMS_US__c,0PS3E0000000FluWAE,TRUE,TRUE,Account
Account.Kombiglyze_XR_Quintile_BMS_US__c,0PS3E0000000FluWAE,TRUE,TRUE,Account
Account.Kombiglyze_XR_Rating_BMS_US__c,0PS3E0000000FluWAE,TRUE,TRUE,Account
Account.Kombiglyze_XR_Segment_BMS_US__c,0PS3E0000000FluWAE,TRUE,TRUE,Account
Account.Onglyza_Quintile_BMS_US__c,0PS3E0000000FluWAE,TRUE,TRUE,Account
Account.Onglyza_Rating_BMS_US__c,0PS3E0000000FluWAE,TRUE,TRUE,Account
Account.Onglyza_Segment_BMS_US__c,0PS3E0000000FluWAE,TRUE,TRUE,Account
Account.Pradaxa_KAM_Restriction_Comments_BMS_US__c,0PS3E0000000FluWAE,TRUE,TRUE,Account
Account.Primary_Parent_BMS_US__c,0PS3E0000000FluWAE,FALSE,TRUE,Account
Account.Primary_Wholesaler_BMS_US__c,0PS3E0000000FluWAE,TRUE,TRUE,Account
Account.Share_of_Paraplatin_Patients__c,0PS3E0000000FluWAE,TRUE,TRUE,Account
Account.Share_of_Taxol_Patients_BMS_CN__c,0PS3E0000000FluWAE,TRUE,TRUE,Account
Account.Sub_Systems_BMS_Us__c,0PS3E0000000FluWAE,TRUE,TRUE,Account
Account.Symlin_Quintile_BMS_US__c,0PS3E0000000FluWAE,TRUE,TRUE,Account
Account.Symlin_Rating_BMS_US__c,0PS3E0000000FluWAE,TRUE,TRUE,Account
Account.Symlin_Segment_BMS_US__c,0PS3E0000000FluWAE,TRUE,TRUE,Account
Account.Warfarin_Sodium_KAM_Restriction_BMS_US__c,0PS3E0000000FluWAE,TRUE,TRUE,Account
Account.Xarelto_KAM_Restriction_Comments_BMS_US__c,0PS3E0000000FluWAE,TRUE,TRUE,Account
Account.Congress_Debriefs_BMS_EMEA__c,0PS3E0000000FluWAE,TRUE,TRUE,Account
Account.HEOR_information_BMS_EMEA__c,0PS3E0000000FluWAE,TRUE,TRUE,Account
Account.Med_Ed_on_Compound_BMS_EMEA__c,0PS3E0000000FluWAE,TRUE,TRUE,Account
Account.Pipeline_updates_BMS_EMEA__c,0PS3E0000000FluWAE,TRUE,TRUE,Account
Account.Study_updates_on_BMS_Trials_BMS_EMEA__c,0PS3E0000000FluWAE,TRUE,TRUE,Account
Account.Last_Interaction_Submitted_BMS_EMEA__c,0PS3E0000000FluWAE,FALSE,TRUE,Account
Account.Stakeholder_Engagement_Plan_BMS_EMEA__c,0PS3E0000000FluWAE,TRUE,TRUE,Account
Account.Individual_Account_Type_BMS_EMEA__c,0PS3E0000000FluWAE,TRUE,TRUE,Account
Account.Last_Update_Date_BMS_EMEA__c,0PS3E0000000FluWAE,TRUE,TRUE,Account
Account.Local_ID_BMS_EMEA__c,0PS3E0000000FluWAE,TRUE,TRUE,Account
Account.No_Profiling_Consent_Granted_BMS_EMEA__c,0PS3E0000000FluWAE,TRUE,TRUE,Account
Account.Specialty_BMS_EMEA__c,0PS3E0000000FluWAE,TRUE,TRUE,Account
Account.Title_BMS_EMEA__c,0PS3E0000000FluWAE,TRUE,TRUE,Account
Account.Organization_Account_Type_BMS_EMEA__c,0PS3E0000000FluWAE,TRUE,TRUE,Account
Account.Access_Stakeholder_Engagement_Plan__c,0PS3E0000000FluWAE,TRUE,TRUE,Account
Account.Customer_Engagement_Plan_BME_EMEA__c,0PS3E0000000FluWAE,TRUE,TRUE,Account
Account.Fax_Access_BMS_EMEA__c,0PS3E0000000FluWAE,TRUE,TRUE,Account
Account.Mobile_Access_BME_EMEA__c,0PS3E0000000FluWAE,TRUE,TRUE,Account
Account.On_Medical_Plan_BMS_EMEA__c,0PS3E0000000FluWAE,TRUE,TRUE,Account
Account.Phone_Access_BME_EMEA__c,0PS3E0000000FluWAE,TRUE,TRUE,Account
Account.Request_Comments_BMS_EMEA__c,0PS3E0000000FluWAE,TRUE,TRUE,Account
Account.Profiling_Category_BMS_EMEA__c,0PS3E0000000FluWAE,TRUE,TRUE,Account
Account.Clinical_Trial_Participation_BMS_EMEA__c,0PS3E0000000FluWAE,TRUE,TRUE,Account
Account.Access_Category_BMS_EMEA__c,0PS3E0000000FluWAE,TRUE,TRUE,Account
Account.Email_Organization_BMS_SHARED__c,0PS3E0000000FluWAE,TRUE,TRUE,Account
Account.Specialty_2_BMS_EMEA__c,0PS3E0000000FluWAE,TRUE,TRUE,Account
Account.Preferred_Channel_BMS_EMEA__c,0PS3E0000000FluWAE,TRUE,TRUE,Account
Account.Email_text_format_BMS_SHARED__c,0PS3E0000000FluWAE,TRUE,TRUE,Account
Account.Authorization_talk_to_Nurses_BMS_EMEA_NL__c,0PS3E0000000FluWAE,TRUE,TRUE,Account
Account.Profiling_Check_Performed_BMS_EMEA_ES__c,0PS3E0000000FluWAE,TRUE,TRUE,Account
Account.zDELETE_Email_Access_BMS_EMEA__c,0PS3E0000000FluWAE,TRUE,TRUE,Account
Account.Meeting_consent_denied_BMS_EMEA__c,0PS3E0000000FluWAE,TRUE,TRUE,Account
Account.Approved_Email_Opt_Type_vod__c,0PS3E0000000FluWAE,TRUE,TRUE,Account
Account.Thought_Leader_Specialization_BMS_EMEA__c,0PS3E0000000FluWAE,TRUE,TRUE,Account
Account.Education_BMS_US__c,0PS3E0000000FluWAE,TRUE,TRUE,Account
Account.Other_Areas_of_Work_BMS_EMEA__c,0PS3E0000000FluWAE,TRUE,TRUE,Account
Account.Speaker_BMS_EMEA__c,0PS3E0000000FluWAE,TRUE,TRUE,Account
Account.DHG_BMS_EMEA__c,0PS3E0000000FluWAE,TRUE,TRUE,Account
Account.Profiling_Subtype_BMS_EMEA__c,0PS3E0000000FluWAE,TRUE,TRUE,Account
Account.Phone_Primary_Workplace_BMS_EMEA__c,0PS3E0000000FluWAE,FALSE,TRUE,Account
Account.Specialty_formula_BMS_EMEA__c,0PS3E0000000FluWAE,FALSE,TRUE,Account
Account.Specialty_2_formula_BMS_EMEA__c,0PS3E0000000FluWAE,FALSE,TRUE,Account
Account.Individual_Account_Type_formula_BMS_EMEA__c,0PS3E0000000FluWAE,FALSE,TRUE,Account
Account.Organizati_Account_Type_formula_BMS_EMEA__c,0PS3E0000000FluWAE,FALSE,TRUE,Account
Account.Customer_Master_Status_vod__c,0PS3E0000000FluWAE,TRUE,TRUE,Account
Account.OneKey_ID_BMS_CORE__c,0PS3E0000000FluWAE,TRUE,TRUE,Account
Account.Do_Not_Email_BMS_EMEA__c,0PS3E0000000FluWAE,TRUE,TRUE,Account
Account.Title_formula_BMS_EMEA__c,0PS3E0000000FluWAE,FALSE,TRUE,Account
Account.CLM_Opt_Type_vod__c,0PS3E0000000FluWAE,TRUE,TRUE,Account
Account.Master_Align_Id_vod__c,0PS3E0000000FluWAE,TRUE,TRUE,Account
Account.Brick_BMS_EMEA__c,0PS3E0000000FluWAE,TRUE,TRUE,Account
Account.Email_text_rep_maintained_BMS_EMEA__c,0PS3E0000000FluWAE,TRUE,TRUE,Account
Account.Monthly_Visit_Pressure_BMS_EMEA__c,0PS3E0000000FluWAE,TRUE,TRUE,Account
Account.Potential_BMS_EMEA__c,0PS3E0000000FluWAE,TRUE,TRUE,Account
Account.Birthdate_BMS_SHARED__c,0PS3E0000000FluWAE,TRUE,TRUE,Account
Account.Country_vod__c,0PS3E0000000FluWAE,TRUE,TRUE,Account
Account.Primary_Workplace_One_Key_ID_BMS_EMEA__c,0PS3E0000000FluWAE,FALSE,TRUE,Account
Account.Customer_Type_BMS_EMEA__c,0PS3E0000000FluWAE,FALSE,TRUE,Account
Account.Career_Status_vod__c,0PS3E0000000FluWAE,TRUE,TRUE,Account
Account.Photo_vod__c,0PS3E0000000FluWAE,TRUE,TRUE,Account
Account.Organization_Sub_Type_BMS_EMEA__c,0PS3E0000000FluWAE,TRUE,TRUE,Account
Account.Professional_Role_Code_BMS_EMEA__c,0PS3E0000000FluWAE,TRUE,TRUE,Account
Account.AccountNumber,0PS3E0000000FluWAE,TRUE,TRUE,Account
Account.AccountSource,0PS3E0000000FluWAE,TRUE,TRUE,Account
Account.AnnualRevenue,0PS3E0000000FluWAE,TRUE,TRUE,Account
Account.BillingAddress,0PS3E0000000FluWAE,TRUE,TRUE,Account
Account.Description,0PS3E0000000FluWAE,TRUE,TRUE,Account
Account.Fax,0PS3E0000000FluWAE,TRUE,TRUE,Account
Account.Industry,0PS3E0000000FluWAE,TRUE,TRUE,Account
Account.IsExcludedFromRealign,0PS3E0000000FluWAE,TRUE,TRUE,Account
Account.Jigsaw,0PS3E0000000FluWAE,TRUE,TRUE,Account
Account.NumberOfEmployees,0PS3E0000000FluWAE,TRUE,TRUE,Account
Account.Ownership,0PS3E0000000FluWAE,TRUE,TRUE,Account
Account.Parent,0PS3E0000000FluWAE,TRUE,TRUE,Account
Account.Phone,0PS3E0000000FluWAE,TRUE,TRUE,Account
Account.Rating,0PS3E0000000FluWAE,TRUE,TRUE,Account
Account.ShippingAddress,0PS3E0000000FluWAE,TRUE,TRUE,Account
Account.Sic,0PS3E0000000FluWAE,TRUE,TRUE,Account
Account.SicDesc,0PS3E0000000FluWAE,TRUE,TRUE,Account
Account.Site,0PS3E0000000FluWAE,TRUE,TRUE,Account
Account.TickerSymbol,0PS3E0000000FluWAE,TRUE,TRUE,Account
Account.Type,0PS3E0000000FluWAE,TRUE,TRUE,Account
Account.Website,0PS3E0000000FluWAE,TRUE,TRUE,Account
EM_Speaker_Qualification_vod__c.Contract_Line_vod__c,0PS3E0000000FluWAE,TRUE,TRUE,EM_Speaker_Qualification_vod__c
EM_Speaker_Qualification_vod__c.Contract_Partner_Status_vod__c,0PS3E0000000FluWAE,TRUE,TRUE,EM_Speaker_Qualification_vod__c
EM_Speaker_Qualification_vod__c.Contract_Status_vod__c,0PS3E0000000FluWAE,TRUE,TRUE,EM_Speaker_Qualification_vod__c
EM_Speaker_Qualification_vod__c.End_Date_vod__c,0PS3E0000000FluWAE,TRUE,TRUE,EM_Speaker_Qualification_vod__c
EM_Speaker_Qualification_vod__c.External_ID_vod__c,0PS3E0000000FluWAE,TRUE,TRUE,EM_Speaker_Qualification_vod__c
EM_Speaker_Qualification_vod__c.Qualification_Name_vod__c,0PS3E0000000FluWAE,FALSE,TRUE,EM_Speaker_Qualification_vod__c
EM_Speaker_Qualification_vod__c.Qualification_vod__c,0PS3E0000000FluWAE,TRUE,TRUE,EM_Speaker_Qualification_vod__c
EM_Speaker_Qualification_vod__c.Rate_Type_vod__c,0PS3E0000000FluWAE,TRUE,TRUE,EM_Speaker_Qualification_vod__c
EM_Speaker_Qualification_vod__c.Rate_vod__c,0PS3E0000000FluWAE,TRUE,TRUE,EM_Speaker_Qualification_vod__c
EM_Speaker_Qualification_vod__c.Speaker_vod__c,0PS3E0000000FluWAE,TRUE,TRUE,EM_Speaker_Qualification_vod__c
EM_Speaker_Qualification_vod__c.Start_Date_vod__c,0PS3E0000000FluWAE,TRUE,TRUE,EM_Speaker_Qualification_vod__c
EM_Speaker_Qualification_vod__c.Vendor_vod__c,0PS3E0000000FluWAE,TRUE,TRUE,EM_Speaker_Qualification_vod__c
EM_Venue_vod__c.Country_HCPTS__c,0PS3E0000000FluWAE,TRUE,TRUE,EM_Venue_vod__c
EM_Venue_vod__c.Country_Reference_HCPTS__c,0PS3E0000000FluWAE,TRUE,TRUE,EM_Venue_vod__c